#VRML V2.0 utf8
# 3D model generated by easyeda2kicad.py (https://github.com/uPesy/easyeda2kicad.py)

Shape{
    appearance Appearance {
        material  Material 	{
            diffuseColor 0.8509803921568627 0.807843137254902 0.7372549019607844
            specularColor 0.4235294117647059 0.403921568627451 0.3686274509803922
            ambientIntensity 0.2
            transparency 0
            shininess 0.5
        }
    }
    geometry IndexedFaceSet {
        ccw TRUE
        solid FALSE
        coord DEF co Coordinate {
            point [
                0.1969 -0.7283 1.8209, 0.1969 1.2402 1.8209, 0.0 -0.7283 1.8209, -0.1969 1.2402 1.8209, -0.1969 -0.7283 1.8209, -0.1969 -0.7283 0.7185, -0.1969 1.2402 0.7185, 0.0 -0.7283 0.7185, 0.1969 1.2402 0.7185, 0.1969 -0.7283 0.7185, 0.1969 -0.7283 0.9154, 0.1969 1.2402 0.9154, 0.1969 -0.7283 1.624, 0.1969 1.2402 1.624, 0.1969 1.2402 1.624
            ]
        }
        coordIndex [
            0,1,2,-1,2,1,3,-1,2,3,4,-1,5,6,7,-1,7,6,8,-1,7,8,9,-1,10,9,11,-1,11,9,8,-1,0,12,1,-1,1,12,13,-1,
        ]
    }
}
Shape{
    appearance Appearance {
        material  Material 	{
            diffuseColor 0.7843137254901961 0.7843137254901961 0.7843137254901961
            specularColor 0.39215686274509803 0.39215686274509803 0.39215686274509803
            ambientIntensity 0.2
            transparency 0
            shininess 0.5
        }
    }
    geometry IndexedFaceSet {
        ccw TRUE
        solid FALSE
        coord DEF co Coordinate {
            point [
                -0.1969 -0.7283 1.624, -0.1969 -0.7283 1.8209, -0.1969 1.2402 1.624, -0.1969 1.2402 1.8209, -0.1969 1.2402 1.8209
            ]
        }
        coordIndex [
            0,1,2,-1,2,1,3,-1,
        ]
    }
}
Shape{
    appearance Appearance {
        material  Material 	{
            diffuseColor 0.8509803921568627 0.807843137254902 0.7372549019607844
            specularColor 0.4235294117647059 0.403921568627451 0.3686274509803922
            ambientIntensity 0.2
            transparency 0
            shininess 0.5
        }
    }
    geometry IndexedFaceSet {
        ccw TRUE
        solid FALSE
        coord DEF co Coordinate {
            point [
                -0.1969 -0.7283 0.7185, -0.1969 -0.7283 0.9154, -0.1969 1.2402 0.7185, -0.1969 1.2402 0.9154, -0.1969 -0.7283 2.3031, -0.1969 1.3189 2.3031, 0.0 -0.7283 2.3031, 0.1969 1.3189 2.3031, 0.1969 -0.7283 2.3031, 0.1969 -0.7283 0.9154, 0.1969 1.2402 0.9154, 0.3662 -0.7283 0.9154, 0.3937 1.2402 0.9154, 0.3937 -0.7283 0.9154, 0.3937 -0.7283 1.624, 0.3937 1.2402 1.624, 0.3662 -0.7283 1.624, 0.1969 1.2402 1.624, 0.1969 -0.7283 1.624, -0.2244 -0.7283 1.624, -0.1969 -0.7283 1.624, -0.1969 1.2402 1.624, -0.3937 1.2402 1.624, -0.3937 -0.7283 1.624, -0.3662 -0.7283 1.624, -0.2337 -0.7283 1.624, -0.2244 -0.7283 0.9154, -0.3662 -0.7283 0.9154, -0.3937 -0.7283 0.9154, -0.3937 1.2402 0.9154, -0.2337 -0.7283 0.9154, 0.1969 -0.7283 2.4606, 0.1969 1.3189 2.4606, -0.1969 -0.7283 2.4606, -0.1969 1.3189 2.4606, 0.1969 -0.7283 0.2362, 0.1969 1.3189 0.2362, 0.0 -0.7283 0.2362, -0.1969 1.3189 0.2362, -0.1969 -0.7283 0.2362, 0.3937 -0.7283 0.7185, 0.3937 1.2402 0.7185, 0.3937 -0.7283 1.8209, 0.3937 1.2402 1.8209, -0.3937 -0.7283 1.8209, -0.3937 1.2402 1.8209, -0.3937 -0.7283 0.7185, -0.3937 1.2402 0.7185, 0.1969 0.9252 0.0, 0.1969 1.3189 0.0, 0.1969 0.9252 0.1181, 0.1969 -0.7283 0.1378, 0.1969 -0.7283 0.1181, 0.3662 -0.7283 2.4606, 0.3937 1.3189 2.4606, 0.3937 -0.7283 2.4606, -0.2244 -0.7283 2.4606, -0.3662 -0.7283 2.4606, -0.3937 -0.7283 2.4606, -0.3937 1.3189 2.4606, -0.2337 -0.7283 2.4606, -0.1969 0.9252 0.1181, -0.1969 -0.7283 0.1181, -0.1969 -0.7283 0.1378, -0.1969 0.9252 0.0, -0.1969 1.3189 0.0, 0.5906 -0.7283 0.7185, 0.7874 1.2402 0.7185, 0.7874 -0.7283 0.7185, 0.7874 -0.7283 1.8209, 0.7874 1.2402 1.8209, 0.5906 -0.7283 1.8209, -0.7874 -0.7283 1.8209, -0.7874 1.2402 1.8209, -0.7874 1.2402 0.7185, -0.7874 -0.7283 0.7185, 0.3937 -0.7283 0.1181, 0.3937 0.9252 0.1181, 0.3662 -0.7283 0.1181, 0.3937 -0.7283 2.3031, 0.3937 1.3189 2.3031, -0.3937 -0.7283 2.3031, -0.3937 1.3189 2.3031, -0.2244 -0.7283 0.1181, -0.3937 0.9252 0.1181, -0.3937 -0.7283 0.1181, -0.3662 -0.7283 0.1181, -0.2337 -0.7283 0.1181, 0.7874 -0.7283 0.9154, 0.7874 1.2402 0.9154, 0.7874 -0.7283 1.624, 0.7874 1.2402 1.624, -0.7874 -0.7283 1.624, -0.7874 1.2402 1.624, -0.7874 -0.7283 0.9154, -0.7874 1.2402 0.9154, 0.3937 -0.7283 0.1378, 0.3937 -0.7283 0.2362, 0.3937 1.3189 0.2362, 0.3937 0.9252 0.0, 0.3937 1.3189 0.0, 0.5906 -0.7283 2.3031, 0.7874 1.3189 2.3031, 0.7874 -0.7283 2.3031, -0.7874 1.3189 2.3031, -0.7874 -0.7283 2.3031, -0.3937 0.9252 0.0, -0.3937 1.3189 0.0, -0.3937 1.3189 0.2362, -0.3937 -0.7283 0.2362, -0.3937 -0.7283 0.1378, 0.9843 1.2402 0.9154, 0.9843 -0.7283 0.9154, 0.9567 -0.7283 0.9154, 0.8149 -0.7283 0.9154, 0.9474 -0.7283 0.9154, 0.9567 -0.7283 1.624, 0.9843 -0.7283 1.624, 0.9843 1.2402 1.624, 0.8149 -0.7283 1.624, 0.9474 -0.7283 1.624, -0.8149 -0.7283 1.624, -0.9843 1.2402 1.624, -0.9843 -0.7283 1.624, -0.9567 -0.7283 1.624, -0.8242 -0.7283 1.624, -0.8149 -0.7283 0.9154, -0.9567 -0.7283 0.9154, -0.9843 -0.7283 0.9154, -0.9843 1.2402 0.9154, -0.8242 -0.7283 0.9154, 0.7874 -0.7283 0.2362, 0.7874 1.3189 0.2362, 0.5906 -0.7283 0.2362, 0.7874 -0.7283 2.4606, 0.7874 1.3189 2.4606, -0.7874 -0.7283 2.4606, -0.7874 1.3189 2.4606, -0.7874 -0.7283 0.2362, -0.7874 1.3189 0.2362, 0.9843 -0.7283 0.7185, 0.9843 1.2402 0.7185, 0.9843 -0.7283 1.8209, 0.9843 1.2402 1.8209, -0.9843 -0.7283 1.8209, -0.9843 1.2402 1.8209, -0.9843 -0.7283 0.7185, -0.9843 1.2402 0.7185, 0.7874 0.9252 0.0, 0.7874 1.3189 0.0, 0.7874 0.9252 0.1181, 0.7874 -0.7283 0.1378, 0.7874 -0.7283 0.1181, 0.9843 1.3189 2.4606, 0.9843 -0.7283 2.4606, 0.9567 -0.7283 2.4606, 0.8149 -0.7283 2.4606, 0.9474 -0.7283 2.4606, -0.8149 -0.7283 2.4606, -0.9567 -0.7283 2.4606, -0.9843 -0.7283 2.4606, -0.9843 1.3189 2.4606, -0.8242 -0.7283 2.4606, -0.7874 0.9252 0.1181, -0.7874 -0.7283 0.1181, -0.7874 -0.7283 0.1378, -0.7874 0.9252 0.0, -0.7874 1.3189 0.0, 1.378 1.2402 0.7185, 1.378 -0.7283 0.7185, 1.378 -0.7283 1.8209, 1.378 1.2402 1.8209, -1.1811 -0.7283 1.8209, -1.378 1.2402 1.8209, -1.378 -0.7283 1.8209, -1.378 -0.7283 0.7185, -1.378 1.2402 0.7185, -1.1811 -0.7283 0.7185, -1.1811 -0.7283 0.7185
            ]
        }
        coordIndex [
            0,1,2,-1,2,1,3,-1,4,5,6,-1,6,5,7,-1,6,7,8,-1,9,10,11,-1,11,10,12,-1,11,12,13,-1,14,15,16,-1,16,15,17,-1,16,17,18,-1,19,20,21,-1,22,23,24,-1,22,24,21,-1,21,24,25,-1,21,25,19,-1,3,1,26,-1,27,28,29,-1,3,26,29,-1,29,26,30,-1,29,30,27,-1,31,8,32,-1,32,8,7,-1,4,33,5,-1,5,33,34,-1,35,36,37,-1,37,36,38,-1,37,38,39,-1,40,13,41,-1,41,13,12,-1,14,42,15,-1,15,42,43,-1,44,23,45,-1,45,23,22,-1,28,46,29,-1,29,46,47,-1,48,49,50,-1,50,49,36,-1,36,35,50,-1,50,35,51,-1,50,51,52,-1,31,32,53,-1,53,32,54,-1,53,54,55,-1,34,33,56,-1,57,58,59,-1,34,56,59,-1,59,56,60,-1,59,60,57,-1,61,62,63,-1,63,39,61,-1,61,39,38,-1,61,38,64,-1,64,38,65,-1,40,41,66,-1,66,41,67,-1,66,67,68,-1,69,70,71,-1,71,70,43,-1,71,43,42,-1,44,45,72,-1,72,45,73,-1,47,46,74,-1,74,46,75,-1,76,77,78,-1,78,77,50,-1,78,50,52,-1,79,55,80,-1,80,55,54,-1,58,81,59,-1,59,81,82,-1,83,62,61,-1,84,85,86,-1,84,86,61,-1,61,86,87,-1,61,87,83,-1,88,68,89,-1,89,68,67,-1,69,90,70,-1,70,90,91,-1,92,72,93,-1,93,72,73,-1,75,94,74,-1,74,94,95,-1,77,76,96,-1,96,97,77,-1,77,97,98,-1,77,98,99,-1,99,98,100,-1,79,80,101,-1,101,80,102,-1,101,102,103,-1,82,81,104,-1,104,81,105,-1,106,107,84,-1,84,107,108,-1,108,109,84,-1,84,109,110,-1,84,110,85,-1,111,112,113,-1,114,88,89,-1,111,113,89,-1,89,113,115,-1,89,115,114,-1,116,117,118,-1,91,90,119,-1,91,119,118,-1,118,119,120,-1,118,120,116,-1,121,92,93,-1,122,123,124,-1,122,124,93,-1,93,124,125,-1,93,125,121,-1,95,94,126,-1,127,128,129,-1,95,126,129,-1,129,126,130,-1,129,130,127,-1,131,132,133,-1,133,132,98,-1,133,98,97,-1,134,103,135,-1,135,103,102,-1,105,136,104,-1,104,136,137,-1,109,108,138,-1,138,108,139,-1,140,112,141,-1,141,112,111,-1,117,142,118,-1,118,142,143,-1,144,123,145,-1,145,123,122,-1,128,146,129,-1,129,146,147,-1,148,149,150,-1,150,149,132,-1,132,131,150,-1,150,131,151,-1,150,151,152,-1,153,154,155,-1,156,134,135,-1,153,155,135,-1,135,155,157,-1,135,157,156,-1,137,136,158,-1,159,160,161,-1,137,158,161,-1,161,158,162,-1,161,162,159,-1,163,164,165,-1,165,138,163,-1,163,138,139,-1,163,139,166,-1,166,139,167,-1,168,169,141,-1,141,169,140,-1,170,171,142,-1,142,171,143,-1,144,145,172,-1,172,145,173,-1,172,173,174,-1,175,176,177,-1,177,176,147,-1,177,147,146,-1,
        ]
    }
}
Shape{
    appearance Appearance {
        material  Material 	{
            diffuseColor 0.7843137254901961 0.7843137254901961 0.7843137254901961
            specularColor 0.39215686274509803 0.39215686274509803 0.39215686274509803
            ambientIntensity 0.2
            transparency 0
            shininess 0.5
        }
    }
    geometry IndexedFaceSet {
        ccw TRUE
        solid FALSE
        coord DEF co Coordinate {
            point [
                0.9567 -0.7283 0.1181, 0.9843 -0.7283 0.1181, 0.9843 0.9252 0.1181, 0.7874 0.9252 0.1181, 0.7874 -0.7283 0.1181, 0.8149 -0.7283 0.1181, 0.9474 -0.7283 0.1181, 0.9474 -0.7283 0.1181
            ]
        }
        coordIndex [
            0,1,2,-1,3,4,5,-1,3,5,2,-1,2,5,6,-1,2,6,0,-1,
        ]
    }
}
Shape{
    appearance Appearance {
        material  Material 	{
            diffuseColor 0.8509803921568627 0.807843137254902 0.7372549019607844
            specularColor 0.4235294117647059 0.403921568627451 0.3686274509803922
            ambientIntensity 0.2
            transparency 0
            shininess 0.5
        }
    }
    geometry IndexedFaceSet {
        ccw TRUE
        solid FALSE
        coord DEF co Coordinate {
            point [
                0.9843 -0.7283 2.3031, 0.9843 -0.7283 2.4606, 0.9843 1.3189 2.3031, 0.9843 1.3189 2.4606, -0.9843 -0.7283 2.4606, -0.9843 -0.7283 2.3031, -0.9843 1.3189 2.4606, -0.9843 1.3189 2.3031, -0.9843 1.3189 2.3031
            ]
        }
        coordIndex [
            0,1,2,-1,2,1,3,-1,4,5,6,-1,6,5,7,-1,
        ]
    }
}
Shape{
    appearance Appearance {
        material  Material 	{
            diffuseColor 0.7843137254901961 0.7843137254901961 0.7843137254901961
            specularColor 0.39215686274509803 0.39215686274509803 0.39215686274509803
            ambientIntensity 0.2
            transparency 0
            shininess 0.5
        }
    }
    geometry IndexedFaceSet {
        ccw TRUE
        solid FALSE
        coord DEF co Coordinate {
            point [
                -0.8149 -0.7283 0.1181, -0.7874 -0.7283 0.1181, -0.7874 0.9252 0.1181, -0.9843 0.9252 0.1181, -0.9843 -0.7283 0.1181, -0.9567 -0.7283 0.1181, -0.8242 -0.7283 0.1181, -0.8242 -0.7283 0.1181
            ]
        }
        coordIndex [
            0,1,2,-1,3,4,5,-1,3,5,2,-1,2,5,6,-1,2,6,0,-1,
        ]
    }
}
Shape{
    appearance Appearance {
        material  Material 	{
            diffuseColor 0.8509803921568627 0.807843137254902 0.7372549019607844
            specularColor 0.4235294117647059 0.403921568627451 0.3686274509803922
            ambientIntensity 0.2
            transparency 0
            shininess 0.5
        }
    }
    geometry IndexedFaceSet {
        ccw TRUE
        solid FALSE
        coord DEF co Coordinate {
            point [
                1.378 -0.7283 0.9154, 1.378 -0.7283 0.7185, 1.378 1.2402 0.9154, 1.378 1.2402 0.7185, 1.378 -0.7283 1.8209, 1.378 -0.7283 1.624, 1.378 1.2402 1.8209, 1.378 1.2402 1.624, 1.378 1.2402 1.624
            ]
        }
        coordIndex [
            0,1,2,-1,2,1,3,-1,4,5,6,-1,6,5,7,-1,
        ]
    }
}
Shape{
    appearance Appearance {
        material  Material 	{
            diffuseColor 0.7843137254901961 0.7843137254901961 0.7843137254901961
            specularColor 0.39215686274509803 0.39215686274509803 0.39215686274509803
            ambientIntensity 0.2
            transparency 0
            shininess 0.5
        }
    }
    geometry IndexedFaceSet {
        ccw TRUE
        solid FALSE
        coord DEF co Coordinate {
            point [
                -1.378 1.2402 1.8209, -1.378 1.2402 1.624, -1.378 -0.7283 1.8209, -1.378 -0.7283 1.624, -1.378 -0.7283 1.624
            ]
        }
        coordIndex [
            0,1,2,-1,2,1,3,-1,
        ]
    }
}
Shape{
    appearance Appearance {
        material  Material 	{
            diffuseColor 0.8509803921568627 0.807843137254902 0.7372549019607844
            specularColor 0.4235294117647059 0.403921568627451 0.3686274509803922
            ambientIntensity 0.2
            transparency 0
            shininess 0.5
        }
    }
    geometry IndexedFaceSet {
        ccw TRUE
        solid FALSE
        coord DEF co Coordinate {
            point [
                -1.378 -0.7283 0.7185, -1.378 -0.7283 0.9154, -1.378 1.2402 0.7185, -1.378 1.2402 0.9154, 0.9843 0.9252 0.1181, 0.9843 -0.7283 0.1181, 0.9843 -0.7283 0.1378, 0.9843 -0.7283 0.2362, 0.9843 1.3189 0.2362, 0.9843 0.9252 0.0, 0.9843 1.3189 0.0, 1.378 1.3189 2.3031, 1.378 -0.7283 2.3031, 0.9843 1.3189 2.3031, 0.9843 -0.7283 2.3031, -1.378 -0.7283 2.3031, -1.378 1.3189 2.3031, -1.1811 -0.7283 2.3031, -0.9843 1.3189 2.3031, -0.9843 -0.7283 2.3031, -0.9843 0.9252 0.0, -0.9843 1.3189 0.0, -0.9843 0.9252 0.1181, -0.9843 1.3189 0.2362, -0.9843 -0.7283 0.2362, -0.9843 -0.7283 0.1378, -0.9843 -0.7283 0.1181, 1.5748 1.2402 0.9154, 1.5748 -0.7283 0.9154, 1.5473 -0.7283 0.9154, 1.4055 -0.7283 0.9154, 1.378 -0.7283 0.9154, 1.378 1.2402 0.9154, 1.538 -0.7283 0.9154, 1.5473 -0.7283 1.624, 1.5748 -0.7283 1.624, 1.5748 1.2402 1.624, 1.378 1.2402 1.624, 1.378 -0.7283 1.624, 1.4055 -0.7283 1.624, 1.538 -0.7283 1.624, -1.378 1.2402 1.624, -1.5748 1.2402 1.624, -1.5748 -0.7283 1.624, -1.4148 -0.7283 1.624, -1.4055 -0.7283 1.624, -1.378 -0.7283 1.624, 1.752 1.2402 1.5059, 1.752 1.2402 1.0335, 1.752 -0.7283 1.5059, 1.752 -0.7283 1.0335, 0.7677 -0.7283 1.5059, 0.7677 -0.7283 1.0335, 0.7677 1.2402 1.0335, 0.7677 1.2402 1.5059, -1.752 1.2402 1.5059, -1.752 -0.7283 1.5059, -1.752 1.2402 1.0335, -1.752 -0.7283 1.0335, -0.7677 -0.7283 1.5059, -0.7677 -0.7283 1.0335, -0.7677 1.2402 1.5059, -0.7677 1.2402 1.0335, 0.4921 1.2402 1.5059, 0.4921 1.2402 1.0335, 0.4921 -0.7283 1.5059, 0.4921 -0.7283 1.0335, -0.4921 -0.7283 1.5059, -0.4921 -0.7283 1.0335, -0.4921 1.2402 1.0335, -0.4921 1.2402 1.5059, -1.4055 -0.7283 0.9154, -1.5748 1.2402 0.9154, -1.4148 -0.7283 0.9154, -1.5748 -0.7283 0.9154, -1.5748 -0.7283 0.9154
            ]
        }
        coordIndex [
            0,1,2,-1,2,1,3,-1,4,5,6,-1,6,7,4,-1,4,7,8,-1,4,8,9,-1,9,8,10,-1,11,12,13,-1,13,12,14,-1,15,16,17,-1,17,16,18,-1,17,18,19,-1,20,21,22,-1,22,21,23,-1,23,24,22,-1,22,24,25,-1,22,25,26,-1,27,28,29,-1,30,31,32,-1,27,29,32,-1,32,29,33,-1,32,33,30,-1,34,35,36,-1,37,38,39,-1,37,39,36,-1,36,39,40,-1,36,40,34,-1,41,42,43,-1,43,44,41,-1,41,44,45,-1,41,45,46,-1,47,48,49,-1,49,48,50,-1,51,49,52,-1,52,49,50,-1,53,54,52,-1,52,54,51,-1,55,56,57,-1,57,56,58,-1,56,59,58,-1,58,59,60,-1,59,61,60,-1,60,61,62,-1,63,64,65,-1,65,64,66,-1,67,65,68,-1,68,65,66,-1,69,70,68,-1,68,70,67,-1,3,1,71,-1,3,71,72,-1,72,71,73,-1,72,73,74,-1,
        ]
    }
}
Shape{
    appearance Appearance {
        material  Material 	{
            diffuseColor 0.7843137254901961 0.7843137254901961 0.7843137254901961
            specularColor 0.39215686274509803 0.39215686274509803 0.39215686274509803
            ambientIntensity 0.2
            transparency 0
            shininess 0.5
        }
    }
    geometry IndexedFaceSet {
        ccw TRUE
        solid FALSE
        coord DEF co Coordinate {
            point [
                -1.4173 1.437 -0.0197, -1.5354 1.437 -0.0197, -1.4173 1.437 0.0984, -1.5354 1.437 0.0984, -1.5398 1.4365 -0.0241, -1.413 1.4364 -0.0241, -1.5405 1.4363 -0.0248, -1.4122 1.4363 -0.0248, -1.544 1.4351 -0.0282, -1.4088 1.4349 -0.0282, -1.5452 1.4343 -0.0295, -1.4075 1.4344 -0.0295, -1.5477 1.4327 -0.032, -1.4052 1.4326 -0.0319, -1.5493 1.4312 -0.0335, -1.4034 1.4312 -0.0336, -1.5508 1.4296 -0.0351, -1.4019 1.4296 -0.0351, -1.5524 1.4271 -0.0366, -1.3983 1.4224 -0.0387, -1.5532 1.4259 -0.0374, -1.3996 1.4259 -0.0374, -1.4004 1.4271 -0.0366, -1.3981 1.4217 -0.0389, -1.5546 1.4217 -0.0388, -1.5544 1.4224 -0.0387, -1.5551 1.4173 -0.0394, -1.555 1.4195 -0.0392, -1.3976 1.4173 -0.0394, -1.3978 1.4195 -0.0392, -1.3976 1.4173 0.1181, -1.3978 1.4195 0.118, -1.5551 1.4173 0.1181, -1.3982 1.4217 0.1176, -1.555 1.4195 0.118, -1.4129 1.4365 0.1028, -1.5398 1.4364 0.1028, -1.4123 1.4363 0.1035, -1.5405 1.4363 0.1035, -1.4088 1.4351 0.107, -1.5439 1.4349 0.1069, -1.4075 1.4343 0.1082, -1.5453 1.4344 0.1083, -1.405 1.4327 0.1107, -1.5476 1.4326 0.1106, -1.4035 1.4312 0.1123, -1.5494 1.4312 0.1123, -1.4019 1.4296 0.1138, -1.5508 1.4296 0.1138, -1.4004 1.4271 0.1154, -1.5524 1.4271 0.1154, -1.3996 1.4259 0.1162, -1.5532 1.4259 0.1162, -1.3983 1.4224 0.1174, -1.5544 1.4224 0.1174, -1.5546 1.4217 0.1176, -0.8268 1.437 -0.0197, -0.9449 1.437 -0.0197, -0.8268 1.437 0.0984, -0.9449 1.437 0.0984, -0.9493 1.4365 -0.0241, -0.8224 1.4364 -0.0241, -0.95 1.4363 -0.0248, -0.8217 1.4363 -0.0248, -0.9534 1.4351 -0.0282, -0.8183 1.4349 -0.0282, -0.9547 1.4343 -0.0295, -0.8169 1.4344 -0.0295, -0.9572 1.4327 -0.032, -0.8146 1.4326 -0.0319, -0.9587 1.4312 -0.0335, -0.8129 1.4312 -0.0336, -0.9603 1.4296 -0.0351, -0.8114 1.4296 -0.0351, -0.9618 1.4271 -0.0366, -0.8078 1.4224 -0.0387, -0.9626 1.4259 -0.0374, -0.809 1.4259 -0.0374, -0.8098 1.4271 -0.0366, -0.8076 1.4217 -0.0389, -0.964 1.4217 -0.0388, -0.9639 1.4224 -0.0387, -0.9646 1.4173 -0.0394, -0.9644 1.4195 -0.0392, -0.8071 1.4173 -0.0394, -0.8072 1.4195 -0.0392, -0.8224 1.4365 0.1028, -0.9492 1.4364 0.1028, -0.8217 1.4363 0.1035, -0.95 1.4363 0.1035, -0.8182 1.4351 0.107, -0.9534 1.4349 0.1069, -0.817 1.4343 0.1082, -0.9547 1.4344 0.1083, -0.8145 1.4327 0.1107, -0.9571 1.4326 0.1106, -0.8129 1.4312 0.1123, -0.9588 1.4312 0.1123, -0.8114 1.4296 0.1138, -0.9603 1.4296 0.1138, -0.8098 1.4271 0.1154, -0.9639 1.4224 0.1174, -0.809 1.4259 0.1162, -0.9626 1.4259 0.1162, -0.9618 1.4271 0.1154, -0.9641 1.4217 0.1176, -0.8076 1.4217 0.1176, -0.8078 1.4224 0.1174, -0.8071 1.4173 0.1181, -0.8072 1.4195 0.118, -0.9646 1.4173 0.1181, -0.9644 1.4195 0.118, -0.2362 1.437 -0.0197, -0.3543 1.437 -0.0197, -0.2362 1.437 0.0984, -0.3543 1.437 0.0984, -0.374 1.4173 -0.0394, -0.3739 1.4195 -0.0392, -0.2165 1.4173 -0.0394, -0.3735 1.4217 -0.0388, -0.2167 1.4195 -0.0392, -0.3587 1.4365 -0.0241, -0.2319 1.4364 -0.0241, -0.3594 1.4363 -0.0248, -0.2311 1.4363 -0.0248, -0.3629 1.4351 -0.0282, -0.2277 1.4349 -0.0282, -0.3641 1.4343 -0.0295, -0.2264 1.4344 -0.0295, -0.3666 1.4327 -0.032, -0.224 1.4326 -0.0319, -0.3682 1.4312 -0.0335, -0.2223 1.4312 -0.0336, -0.3697 1.4296 -0.0351, -0.2208 1.4296 -0.0351, -0.3713 1.4271 -0.0366, -0.2193 1.4271 -0.0366, -0.3721 1.4259 -0.0374, -0.2185 1.4259 -0.0374, -0.3733 1.4224 -0.0387, -0.2172 1.4224 -0.0387, -0.217 1.4217 -0.0389, -0.2165 1.4173 0.1181, -0.2167 1.4195 0.118, -0.374 1.4173 0.1181, -0.2171 1.4217 0.1176, -0.3739 1.4195 0.118, -0.2318 1.4365 0.1028, -0.3587 1.4364 0.1028, -0.2311 1.4363 0.1035, -0.3594 1.4363 0.1035, -0.2277 1.4351 0.107, -0.3628 1.4349 0.1069, -0.2264 1.4343 0.1082, -0.3642 1.4344 0.1083, -0.2239 1.4327 0.1107, -0.3665 1.4326 0.1106, -0.2224 1.4312 0.1123, -0.3683 1.4312 0.1123, -0.2208 1.4296 0.1138, -0.3697 1.4296 0.1138, -0.2193 1.4271 0.1154, -0.3713 1.4271 0.1154, -0.2185 1.4259 0.1162, -0.3721 1.4259 0.1162, -0.2172 1.4224 0.1174, -0.3733 1.4224 0.1174, -0.3735 1.4217 0.1176, 0.3543 1.437 -0.0197, 0.2362 1.437 -0.0197, 0.3543 1.437 0.0984, 0.2362 1.437 0.0984, 0.2165 1.4173 -0.0394, 0.2167 1.4195 -0.0392, 0.374 1.4173 -0.0394, 0.2171 1.4217 -0.0388, 0.3739 1.4195 -0.0392, 0.2318 1.4365 -0.0241, 0.3587 1.4364 -0.0241, 0.2311 1.4363 -0.0248, 0.3594 1.4363 -0.0248, 0.2277 1.4351 -0.0282, 0.3628 1.4349 -0.0282, 0.2264 1.4343 -0.0295, 0.3642 1.4344 -0.0295, 0.2239 1.4327 -0.032, 0.3665 1.4326 -0.0319, 0.2224 1.4312 -0.0335, 0.3683 1.4312 -0.0336, 0.2208 1.4296 -0.0351, 0.3697 1.4296 -0.0351, 0.2193 1.4271 -0.0366, 0.3713 1.4271 -0.0366, 0.2185 1.4259 -0.0374, 0.3721 1.4259 -0.0374, 0.2172 1.4224 -0.0387, 0.3733 1.4224 -0.0387, 0.3735 1.4217 -0.0389, 0.374 1.4173 0.1181, 0.3739 1.4195 0.118, 0.2165 1.4173 0.1181, 0.3735 1.4217 0.1176, 0.2167 1.4195 0.118, 0.3587 1.4365 0.1028, 0.2319 1.4364 0.1028, 0.3594 1.4363 0.1035, 0.2311 1.4363 0.1035, 0.3629 1.4351 0.107, 0.2277 1.4349 0.1069, 0.3641 1.4343 0.1082, 0.2264 1.4344 0.1083, 0.3666 1.4327 0.1107, 0.224 1.4326 0.1106, 0.3682 1.4312 0.1123, 0.2223 1.4312 0.1123, 0.3697 1.4296 0.1138, 0.2208 1.4296 0.1138, 0.3713 1.4271 0.1154, 0.2193 1.4271 0.1154, 0.3721 1.4259 0.1162, 0.2185 1.4259 0.1162, 0.3733 1.4224 0.1174, 0.2172 1.4224 0.1174, 0.217 1.4217 0.1176, 0.9449 1.437 -0.0197, 0.8268 1.437 -0.0197, 0.9449 1.437 0.0984, 0.8268 1.437 0.0984, 0.8071 1.4173 -0.0394, 0.8072 1.4195 -0.0392, 0.9646 1.4173 -0.0394, 0.8076 1.4217 -0.0388, 0.9644 1.4195 -0.0392, 0.8224 1.4365 -0.0241, 0.9492 1.4364 -0.0241, 0.8217 1.4363 -0.0248, 0.95 1.4363 -0.0248, 0.8182 1.4351 -0.0282, 0.9534 1.4349 -0.0282, 0.817 1.4343 -0.0295, 0.9547 1.4344 -0.0295, 0.8145 1.4327 -0.032, 0.9571 1.4326 -0.0319, 0.8129 1.4312 -0.0335, 0.9588 1.4312 -0.0336, 0.8114 1.4296 -0.0351, 0.9603 1.4296 -0.0351, 0.8098 1.4271 -0.0366, 0.9618 1.4271 -0.0366, 0.809 1.4259 -0.0374, 0.9626 1.4259 -0.0374, 0.8078 1.4224 -0.0387, 0.9639 1.4224 -0.0387, 0.9641 1.4217 -0.0389, 0.9646 1.4173 0.1181, 0.9644 1.4195 0.118, 0.8071 1.4173 0.1181, 0.964 1.4217 0.1176, 0.8072 1.4195 0.118, 0.9493 1.4365 0.1028, 0.8224 1.4364 0.1028, 0.95 1.4363 0.1035, 0.8217 1.4363 0.1035, 0.9534 1.4351 0.107, 0.8183 1.4349 0.1069, 0.9547 1.4343 0.1082, 0.8169 1.4344 0.1083, 0.9572 1.4327 0.1107, 0.8146 1.4326 0.1106, 0.9587 1.4312 0.1123, 0.8129 1.4312 0.1123, 0.9603 1.4296 0.1138, 0.8114 1.4296 0.1138, 0.9618 1.4271 0.1154, 0.8098 1.4271 0.1154, 0.9626 1.4259 0.1162, 0.809 1.4259 0.1162, 0.9639 1.4224 0.1174, 0.8078 1.4224 0.1174, 0.8076 1.4217 0.1176, 1.5354 1.437 -0.0197, 1.4173 1.437 -0.0197, 1.5354 1.437 0.0984, 1.4173 1.437 0.0984, 1.3976 1.4173 -0.0394, 1.3978 1.4195 -0.0392, 1.5551 1.4173 -0.0394, 1.3982 1.4217 -0.0388, 1.555 1.4195 -0.0392, 1.4129 1.4365 -0.0241, 1.5398 1.4364 -0.0241, 1.4123 1.4363 -0.0248, 1.5405 1.4363 -0.0248, 1.4088 1.4351 -0.0282, 1.5439 1.4349 -0.0282, 1.4075 1.4343 -0.0295, 1.5453 1.4344 -0.0295, 1.405 1.4327 -0.032, 1.5476 1.4326 -0.0319, 1.4035 1.4312 -0.0335, 1.5494 1.4312 -0.0336, 1.4019 1.4296 -0.0351, 1.5508 1.4296 -0.0351, 1.4004 1.4271 -0.0366, 1.5524 1.4271 -0.0366, 1.3996 1.4259 -0.0374, 1.5532 1.4259 -0.0374, 1.3983 1.4224 -0.0387, 1.5544 1.4224 -0.0387, 1.5546 1.4217 -0.0389, 1.5398 1.4365 0.1028, 1.413 1.4364 0.1028, 1.5405 1.4363 0.1035, 1.4122 1.4363 0.1035, 1.544 1.4351 0.107, 1.4088 1.4349 0.1069, 1.5452 1.4343 0.1082, 1.4075 1.4344 0.1083, 1.5477 1.4327 0.1107, 1.4052 1.4326 0.1106, 1.5493 1.4312 0.1123, 1.4034 1.4312 0.1123, 1.5508 1.4296 0.1138, 1.4019 1.4296 0.1138, 1.5524 1.4271 0.1154, 1.3983 1.4224 0.1174, 1.5532 1.4259 0.1162, 1.3996 1.4259 0.1162, 1.4004 1.4271 0.1154, 1.3981 1.4217 0.1176, 1.5546 1.4217 0.1176, 1.5544 1.4224 0.1174, 1.5551 1.4173 0.1181, 1.555 1.4195 0.118, 1.3976 1.4173 0.1181, 1.3978 1.4195 0.118, -1.4173 -1.5551 0.0984, -1.5354 -1.5551 0.0984, -1.4173 -1.5551 -0.0197, -1.5354 -1.5551 -0.0197, -1.5398 -1.5546 0.1028, -1.413 -1.5545 0.1028, -1.5405 -1.5544 0.1035, -1.4122 -1.5544 0.1035, -1.544 -1.5532 0.107, -1.4088 -1.553 0.1069, -1.5452 -1.5524 0.1082, -1.4075 -1.5525 0.1083, -1.5477 -1.5508 0.1107, -1.4052 -1.5507 0.1106, -1.5493 -1.5493 0.1123, -1.4034 -1.5494 0.1123, -1.5508 -1.5477 0.1138, -1.4019 -1.5477 0.1138, -1.5524 -1.5452 0.1154, -1.3983 -1.5405 0.1174, -1.5532 -1.544 0.1162, -1.3996 -1.544 0.1162, -1.4004 -1.5452 0.1154, -1.3981 -1.5398 0.1176, -1.5546 -1.5398 0.1176, -1.5544 -1.5405 0.1174, -1.5551 -1.5354 0.1181, -1.555 -1.5376 0.118, -1.3976 -1.5354 0.1181, -1.3978 -1.5376 0.118, -1.4129 -1.5546 -0.0241, -1.5398 -1.5545 -0.0241, -1.4123 -1.5544 -0.0248, -1.5405 -1.5544 -0.0248, -1.4088 -1.5532 -0.0282, -1.5439 -1.553 -0.0282, -1.4075 -1.5524 -0.0295, -1.5453 -1.5525 -0.0295, -1.405 -1.5508 -0.032, -1.5476 -1.5507 -0.0319, -1.4035 -1.5493 -0.0335, -1.5494 -1.5494 -0.0336, -1.4019 -1.5477 -0.0351, -1.5508 -1.5477 -0.0351, -1.4004 -1.5452 -0.0366, -1.5544 -1.5405 -0.0387, -1.3996 -1.544 -0.0374, -1.5532 -1.544 -0.0374, -1.5524 -1.5452 -0.0366, -1.5546 -1.5398 -0.0389, -1.3982 -1.5398 -0.0388, -1.3983 -1.5405 -0.0387, -1.3976 -1.5354 -0.0394, -1.3978 -1.5376 -0.0392, -1.5551 -1.5354 -0.0394, -1.555 -1.5376 -0.0392, -0.8268 -1.5551 0.0984, -0.9449 -1.5551 0.0984, -0.8268 -1.5551 -0.0197, -0.9449 -1.5551 -0.0197, -0.9646 -1.5354 0.1181, -0.9644 -1.5376 0.118, -0.8071 -1.5354 0.1181, -0.964 -1.5398 0.1176, -0.8072 -1.5376 0.118, -0.9493 -1.5546 0.1028, -0.8224 -1.5545 0.1028, -0.95 -1.5544 0.1035, -0.8217 -1.5544 0.1035, -0.9534 -1.5532 0.107, -0.8183 -1.553 0.1069, -0.9547 -1.5524 0.1082, -0.8169 -1.5525 0.1083, -0.9572 -1.5508 0.1107, -0.8146 -1.5507 0.1106, -0.9587 -1.5493 0.1123, -0.8129 -1.5494 0.1123, -0.9603 -1.5477 0.1138, -0.8114 -1.5477 0.1138, -0.9618 -1.5452 0.1154, -0.8098 -1.5452 0.1154, -0.9626 -1.544 0.1162, -0.809 -1.544 0.1162, -0.9639 -1.5405 0.1174, -0.8078 -1.5405 0.1174, -0.8076 -1.5398 0.1176, -0.8071 -1.5354 -0.0394, -0.8072 -1.5376 -0.0392, -0.9646 -1.5354 -0.0394, -0.8076 -1.5398 -0.0388, -0.9644 -1.5376 -0.0392, -0.8224 -1.5546 -0.0241, -0.9492 -1.5545 -0.0241, -0.8217 -1.5544 -0.0248, -0.95 -1.5544 -0.0248, -0.8182 -1.5532 -0.0282, -0.9534 -1.553 -0.0282, -0.817 -1.5524 -0.0295, -0.9547 -1.5525 -0.0295, -0.8145 -1.5508 -0.032, -0.9571 -1.5507 -0.0319, -0.8129 -1.5493 -0.0335, -0.9588 -1.5494 -0.0336, -0.8114 -1.5477 -0.0351, -0.9603 -1.5477 -0.0351, -0.8098 -1.5452 -0.0366, -0.9618 -1.5452 -0.0366, -0.809 -1.544 -0.0374, -0.9626 -1.544 -0.0374, -0.8078 -1.5405 -0.0387, -0.9639 -1.5405 -0.0387, -0.9641 -1.5398 -0.0389, -0.2362 -1.5551 0.0984, -0.3543 -1.5551 0.0984, -0.2362 -1.5551 -0.0197, -0.3543 -1.5551 -0.0197, -0.374 -1.5354 0.1181, -0.3739 -1.5376 0.118, -0.2165 -1.5354 0.1181, -0.3735 -1.5398 0.1176, -0.2167 -1.5376 0.118, -0.3587 -1.5546 0.1028, -0.2319 -1.5545 0.1028, -0.3594 -1.5544 0.1035, -0.2311 -1.5544 0.1035, -0.3629 -1.5532 0.107, -0.2277 -1.553 0.1069, -0.3641 -1.5524 0.1082, -0.2264 -1.5525 0.1083, -0.3666 -1.5508 0.1107, -0.224 -1.5507 0.1106, -0.3682 -1.5493 0.1123, -0.2223 -1.5494 0.1123, -0.3697 -1.5477 0.1138, -0.2208 -1.5477 0.1138, -0.3713 -1.5452 0.1154, -0.2193 -1.5452 0.1154, -0.3721 -1.544 0.1162, -0.2185 -1.544 0.1162, -0.3733 -1.5405 0.1174, -0.2172 -1.5405 0.1174, -0.217 -1.5398 0.1176, -0.2165 -1.5354 -0.0394, -0.2167 -1.5376 -0.0392, -0.374 -1.5354 -0.0394, -0.2171 -1.5398 -0.0388, -0.3739 -1.5376 -0.0392, -0.2318 -1.5546 -0.0241, -0.3587 -1.5545 -0.0241, -0.2311 -1.5544 -0.0248, -0.3594 -1.5544 -0.0248, -0.2277 -1.5532 -0.0282, -0.3628 -1.553 -0.0282, -0.2264 -1.5524 -0.0295, -0.3642 -1.5525 -0.0295, -0.2239 -1.5508 -0.032, -0.3665 -1.5507 -0.0319, -0.2224 -1.5493 -0.0335, -0.3683 -1.5494 -0.0336, -0.2208 -1.5477 -0.0351, -0.3697 -1.5477 -0.0351, -0.2193 -1.5452 -0.0366, -0.3713 -1.5452 -0.0366, -0.2185 -1.544 -0.0374, -0.3721 -1.544 -0.0374, -0.2172 -1.5405 -0.0387, -0.3733 -1.5405 -0.0387, -0.3735 -1.5398 -0.0389, 0.3543 -1.5551 0.0984, 0.2362 -1.5551 0.0984, 0.3543 -1.5551 -0.0197, 0.2362 -1.5551 -0.0197, 0.2318 -1.5546 0.1028, 0.3587 -1.5545 0.1028, 0.2311 -1.5544 0.1035, 0.3594 -1.5544 0.1035, 0.2277 -1.5532 0.107, 0.3628 -1.553 0.1069, 0.2264 -1.5524 0.1082, 0.3642 -1.5525 0.1083, 0.2239 -1.5508 0.1107, 0.3665 -1.5507 0.1106, 0.2224 -1.5493 0.1123, 0.3683 -1.5494 0.1123, 0.2208 -1.5477 0.1138, 0.3697 -1.5477 0.1138, 0.2193 -1.5452 0.1154, 0.3733 -1.5405 0.1174, 0.2185 -1.544 0.1162, 0.3721 -1.544 0.1162, 0.3713 -1.5452 0.1154, 0.3735 -1.5398 0.1176, 0.2171 -1.5398 0.1176, 0.2172 -1.5405 0.1174, 0.2165 -1.5354 0.1181, 0.2167 -1.5376 0.118, 0.374 -1.5354 0.1181, 0.3739 -1.5376 0.118, 0.3587 -1.5546 -0.0241, 0.2319 -1.5545 -0.0241, 0.3594 -1.5544 -0.0248, 0.2311 -1.5544 -0.0248, 0.3629 -1.5532 -0.0282, 0.2277 -1.553 -0.0282, 0.3641 -1.5524 -0.0295, 0.2264 -1.5525 -0.0295, 0.3666 -1.5508 -0.032, 0.224 -1.5507 -0.0319, 0.3682 -1.5493 -0.0335, 0.2223 -1.5494 -0.0336, 0.3697 -1.5477 -0.0351, 0.2208 -1.5477 -0.0351, 0.3713 -1.5452 -0.0366, 0.2172 -1.5405 -0.0387, 0.3721 -1.544 -0.0374, 0.2185 -1.544 -0.0374, 0.2193 -1.5452 -0.0366, 0.217 -1.5398 -0.0389, 0.3735 -1.5398 -0.0388, 0.3733 -1.5405 -0.0387, 0.374 -1.5354 -0.0394, 0.3739 -1.5376 -0.0392, 0.2165 -1.5354 -0.0394, 0.2167 -1.5376 -0.0392, 0.9449 -1.5551 0.0984, 0.8268 -1.5551 0.0984, 0.9449 -1.5551 -0.0197, 0.8268 -1.5551 -0.0197, 0.8224 -1.5546 0.1028, 0.9492 -1.5545 0.1028, 0.8217 -1.5544 0.1035, 0.95 -1.5544 0.1035, 0.8182 -1.5532 0.107, 0.9534 -1.553 0.1069, 0.817 -1.5524 0.1082, 0.9547 -1.5525 0.1083, 0.8145 -1.5508 0.1107, 0.9571 -1.5507 0.1106, 0.8129 -1.5493 0.1123, 0.9588 -1.5494 0.1123, 0.8114 -1.5477 0.1138, 0.9603 -1.5477 0.1138, 0.8098 -1.5452 0.1154, 0.9639 -1.5405 0.1174, 0.809 -1.544 0.1162, 0.9626 -1.544 0.1162, 0.9618 -1.5452 0.1154, 0.9641 -1.5398 0.1176, 0.8076 -1.5398 0.1176, 0.8078 -1.5405 0.1174, 0.8071 -1.5354 0.1181, 0.8072 -1.5376 0.118, 0.9646 -1.5354 0.1181, 0.9644 -1.5376 0.118, 0.9493 -1.5546 -0.0241, 0.8224 -1.5545 -0.0241, 0.95 -1.5544 -0.0248, 0.8217 -1.5544 -0.0248, 0.9534 -1.5532 -0.0282, 0.8183 -1.553 -0.0282, 0.9547 -1.5524 -0.0295, 0.8169 -1.5525 -0.0295, 0.9572 -1.5508 -0.032, 0.8146 -1.5507 -0.0319, 0.9587 -1.5493 -0.0335, 0.8129 -1.5494 -0.0336, 0.9603 -1.5477 -0.0351, 0.8114 -1.5477 -0.0351, 0.9618 -1.5452 -0.0366, 0.8078 -1.5405 -0.0387, 0.9626 -1.544 -0.0374, 0.809 -1.544 -0.0374, 0.8098 -1.5452 -0.0366, 0.8076 -1.5398 -0.0389, 0.964 -1.5398 -0.0388, 0.9639 -1.5405 -0.0387, 0.9646 -1.5354 -0.0394, 0.9644 -1.5376 -0.0392, 0.8071 -1.5354 -0.0394, 0.8072 -1.5376 -0.0392, 1.5354 -1.5551 0.0984, 1.4173 -1.5551 0.0984, 1.5354 -1.5551 -0.0197, 1.4173 -1.5551 -0.0197, 1.4129 -1.5546 0.1028, 1.5398 -1.5545 0.1028, 1.4123 -1.5544 0.1035, 1.5405 -1.5544 0.1035, 1.4088 -1.5532 0.107, 1.5439 -1.553 0.1069, 1.4075 -1.5524 0.1082, 1.5453 -1.5525 0.1083, 1.405 -1.5508 0.1107, 1.5476 -1.5507 0.1106, 1.4035 -1.5493 0.1123, 1.5494 -1.5494 0.1123, 1.4019 -1.5477 0.1138, 1.5508 -1.5477 0.1138, 1.4004 -1.5452 0.1154, 1.5544 -1.5405 0.1174, 1.3996 -1.544 0.1162, 1.5532 -1.544 0.1162, 1.5524 -1.5452 0.1154, 1.5546 -1.5398 0.1176, 1.3982 -1.5398 0.1176, 1.3983 -1.5405 0.1174, 1.3976 -1.5354 0.1181, 1.3978 -1.5376 0.118, 1.5551 -1.5354 0.1181, 1.555 -1.5376 0.118, 1.5551 -1.5354 -0.0394, 1.555 -1.5376 -0.0392, 1.3976 -1.5354 -0.0394, 1.5546 -1.5398 -0.0388, 1.3978 -1.5376 -0.0392, 1.5398 -1.5546 -0.0241, 1.413 -1.5545 -0.0241, 1.5405 -1.5544 -0.0248, 1.4122 -1.5544 -0.0248, 1.544 -1.5532 -0.0282, 1.4088 -1.553 -0.0282, 1.5452 -1.5524 -0.0295, 1.4075 -1.5525 -0.0295, 1.5477 -1.5508 -0.032, 1.4052 -1.5507 -0.0319, 1.5493 -1.5493 -0.0335, 1.4034 -1.5494 -0.0336, 1.5508 -1.5477 -0.0351, 1.4019 -1.5477 -0.0351, 1.5524 -1.5452 -0.0366, 1.4004 -1.5452 -0.0366, 1.5532 -1.544 -0.0374, 1.3996 -1.544 -0.0374, 1.5544 -1.5405 -0.0387, 1.3983 -1.5405 -0.0387, 1.3981 -1.5398 -0.0389, 1.3981 -1.5398 -0.0389
            ]
        }
        coordIndex [
            0,1,2,-1,2,1,3,-1,1,0,4,-1,4,0,5,-1,4,5,6,-1,6,5,7,-1,6,7,8,-1,8,7,9,-1,8,9,10,-1,10,9,11,-1,10,11,12,-1,12,11,13,-1,12,13,14,-1,14,13,15,-1,14,15,16,-1,16,15,17,-1,16,17,18,-1,19,20,21,-1,21,20,18,-1,21,18,22,-1,22,18,17,-1,23,24,19,-1,19,24,25,-1,19,25,20,-1,26,27,28,-1,28,27,24,-1,28,24,29,-1,29,24,23,-1,30,31,32,-1,32,31,33,-1,32,33,34,-1,2,3,35,-1,35,3,36,-1,35,36,37,-1,37,36,38,-1,37,38,39,-1,39,38,40,-1,39,40,41,-1,41,40,42,-1,41,42,43,-1,43,42,44,-1,43,44,45,-1,45,44,46,-1,45,46,47,-1,47,46,48,-1,47,48,49,-1,49,48,50,-1,49,50,51,-1,51,50,52,-1,51,52,53,-1,53,52,54,-1,53,54,33,-1,33,54,55,-1,33,55,34,-1,56,57,58,-1,58,57,59,-1,57,56,60,-1,60,56,61,-1,60,61,62,-1,62,61,63,-1,62,63,64,-1,64,63,65,-1,64,65,66,-1,66,65,67,-1,66,67,68,-1,68,67,69,-1,68,69,70,-1,70,69,71,-1,70,71,72,-1,72,71,73,-1,72,73,74,-1,75,76,77,-1,77,76,74,-1,77,74,78,-1,78,74,73,-1,79,80,75,-1,75,80,81,-1,75,81,76,-1,82,83,84,-1,84,83,80,-1,84,80,85,-1,85,80,79,-1,58,59,86,-1,86,59,87,-1,86,87,88,-1,88,87,89,-1,88,89,90,-1,90,89,91,-1,90,91,92,-1,92,91,93,-1,92,93,94,-1,94,93,95,-1,94,95,96,-1,96,95,97,-1,96,97,98,-1,98,97,99,-1,98,99,100,-1,101,102,103,-1,103,102,100,-1,103,100,104,-1,104,100,99,-1,105,106,101,-1,101,106,107,-1,101,107,102,-1,108,109,110,-1,110,109,106,-1,110,106,111,-1,111,106,105,-1,112,113,114,-1,114,113,115,-1,116,117,118,-1,118,117,119,-1,118,119,120,-1,113,112,121,-1,121,112,122,-1,121,122,123,-1,123,122,124,-1,123,124,125,-1,125,124,126,-1,125,126,127,-1,127,126,128,-1,127,128,129,-1,129,128,130,-1,129,130,131,-1,131,130,132,-1,131,132,133,-1,133,132,134,-1,133,134,135,-1,135,134,136,-1,135,136,137,-1,137,136,138,-1,137,138,139,-1,139,138,140,-1,139,140,119,-1,119,140,141,-1,119,141,120,-1,142,143,144,-1,144,143,145,-1,144,145,146,-1,114,115,147,-1,147,115,148,-1,147,148,149,-1,149,148,150,-1,149,150,151,-1,151,150,152,-1,151,152,153,-1,153,152,154,-1,153,154,155,-1,155,154,156,-1,155,156,157,-1,157,156,158,-1,157,158,159,-1,159,158,160,-1,159,160,161,-1,161,160,162,-1,161,162,163,-1,163,162,164,-1,163,164,165,-1,165,164,166,-1,165,166,145,-1,145,166,167,-1,145,167,146,-1,168,169,170,-1,170,169,171,-1,172,173,174,-1,174,173,175,-1,174,175,176,-1,169,168,177,-1,177,168,178,-1,177,178,179,-1,179,178,180,-1,179,180,181,-1,181,180,182,-1,181,182,183,-1,183,182,184,-1,183,184,185,-1,185,184,186,-1,185,186,187,-1,187,186,188,-1,187,188,189,-1,189,188,190,-1,189,190,191,-1,191,190,192,-1,191,192,193,-1,193,192,194,-1,193,194,195,-1,195,194,196,-1,195,196,175,-1,175,196,197,-1,175,197,176,-1,198,199,200,-1,200,199,201,-1,200,201,202,-1,170,171,203,-1,203,171,204,-1,203,204,205,-1,205,204,206,-1,205,206,207,-1,207,206,208,-1,207,208,209,-1,209,208,210,-1,209,210,211,-1,211,210,212,-1,211,212,213,-1,213,212,214,-1,213,214,215,-1,215,214,216,-1,215,216,217,-1,217,216,218,-1,217,218,219,-1,219,218,220,-1,219,220,221,-1,221,220,222,-1,221,222,201,-1,201,222,223,-1,201,223,202,-1,224,225,226,-1,226,225,227,-1,228,229,230,-1,230,229,231,-1,230,231,232,-1,225,224,233,-1,233,224,234,-1,233,234,235,-1,235,234,236,-1,235,236,237,-1,237,236,238,-1,237,238,239,-1,239,238,240,-1,239,240,241,-1,241,240,242,-1,241,242,243,-1,243,242,244,-1,243,244,245,-1,245,244,246,-1,245,246,247,-1,247,246,248,-1,247,248,249,-1,249,248,250,-1,249,250,251,-1,251,250,252,-1,251,252,231,-1,231,252,253,-1,231,253,232,-1,254,255,256,-1,256,255,257,-1,256,257,258,-1,226,227,259,-1,259,227,260,-1,259,260,261,-1,261,260,262,-1,261,262,263,-1,263,262,264,-1,263,264,265,-1,265,264,266,-1,265,266,267,-1,267,266,268,-1,267,268,269,-1,269,268,270,-1,269,270,271,-1,271,270,272,-1,271,272,273,-1,273,272,274,-1,273,274,275,-1,275,274,276,-1,275,276,277,-1,277,276,278,-1,277,278,257,-1,257,278,279,-1,257,279,258,-1,280,281,282,-1,282,281,283,-1,284,285,286,-1,286,285,287,-1,286,287,288,-1,281,280,289,-1,289,280,290,-1,289,290,291,-1,291,290,292,-1,291,292,293,-1,293,292,294,-1,293,294,295,-1,295,294,296,-1,295,296,297,-1,297,296,298,-1,297,298,299,-1,299,298,300,-1,299,300,301,-1,301,300,302,-1,301,302,303,-1,303,302,304,-1,303,304,305,-1,305,304,306,-1,305,306,307,-1,307,306,308,-1,307,308,287,-1,287,308,309,-1,287,309,288,-1,282,283,310,-1,310,283,311,-1,310,311,312,-1,312,311,313,-1,312,313,314,-1,314,313,315,-1,314,315,316,-1,316,315,317,-1,316,317,318,-1,318,317,319,-1,318,319,320,-1,320,319,321,-1,320,321,322,-1,322,321,323,-1,322,323,324,-1,325,326,327,-1,327,326,324,-1,327,324,328,-1,328,324,323,-1,329,330,325,-1,325,330,331,-1,325,331,326,-1,332,333,334,-1,334,333,330,-1,334,330,335,-1,335,330,329,-1,336,337,338,-1,338,337,339,-1,337,336,340,-1,340,336,341,-1,340,341,342,-1,342,341,343,-1,342,343,344,-1,344,343,345,-1,344,345,346,-1,346,345,347,-1,346,347,348,-1,348,347,349,-1,348,349,350,-1,350,349,351,-1,350,351,352,-1,352,351,353,-1,352,353,354,-1,355,356,357,-1,357,356,354,-1,357,354,358,-1,358,354,353,-1,359,360,355,-1,355,360,361,-1,355,361,356,-1,362,363,364,-1,364,363,360,-1,364,360,365,-1,365,360,359,-1,338,339,366,-1,366,339,367,-1,366,367,368,-1,368,367,369,-1,368,369,370,-1,370,369,371,-1,370,371,372,-1,372,371,373,-1,372,373,374,-1,374,373,375,-1,374,375,376,-1,376,375,377,-1,376,377,378,-1,378,377,379,-1,378,379,380,-1,381,382,383,-1,383,382,380,-1,383,380,384,-1,384,380,379,-1,385,386,381,-1,381,386,387,-1,381,387,382,-1,388,389,390,-1,390,389,386,-1,390,386,391,-1,391,386,385,-1,392,393,394,-1,394,393,395,-1,396,397,398,-1,398,397,399,-1,398,399,400,-1,393,392,401,-1,401,392,402,-1,401,402,403,-1,403,402,404,-1,403,404,405,-1,405,404,406,-1,405,406,407,-1,407,406,408,-1,407,408,409,-1,409,408,410,-1,409,410,411,-1,411,410,412,-1,411,412,413,-1,413,412,414,-1,413,414,415,-1,415,414,416,-1,415,416,417,-1,417,416,418,-1,417,418,419,-1,419,418,420,-1,419,420,399,-1,399,420,421,-1,399,421,400,-1,422,423,424,-1,424,423,425,-1,424,425,426,-1,394,395,427,-1,427,395,428,-1,427,428,429,-1,429,428,430,-1,429,430,431,-1,431,430,432,-1,431,432,433,-1,433,432,434,-1,433,434,435,-1,435,434,436,-1,435,436,437,-1,437,436,438,-1,437,438,439,-1,439,438,440,-1,439,440,441,-1,441,440,442,-1,441,442,443,-1,443,442,444,-1,443,444,445,-1,445,444,446,-1,445,446,425,-1,425,446,447,-1,425,447,426,-1,448,449,450,-1,450,449,451,-1,452,453,454,-1,454,453,455,-1,454,455,456,-1,449,448,457,-1,457,448,458,-1,457,458,459,-1,459,458,460,-1,459,460,461,-1,461,460,462,-1,461,462,463,-1,463,462,464,-1,463,464,465,-1,465,464,466,-1,465,466,467,-1,467,466,468,-1,467,468,469,-1,469,468,470,-1,469,470,471,-1,471,470,472,-1,471,472,473,-1,473,472,474,-1,473,474,475,-1,475,474,476,-1,475,476,455,-1,455,476,477,-1,455,477,456,-1,478,479,480,-1,480,479,481,-1,480,481,482,-1,450,451,483,-1,483,451,484,-1,483,484,485,-1,485,484,486,-1,485,486,487,-1,487,486,488,-1,487,488,489,-1,489,488,490,-1,489,490,491,-1,491,490,492,-1,491,492,493,-1,493,492,494,-1,493,494,495,-1,495,494,496,-1,495,496,497,-1,497,496,498,-1,497,498,499,-1,499,498,500,-1,499,500,501,-1,501,500,502,-1,501,502,481,-1,481,502,503,-1,481,503,482,-1,504,505,506,-1,506,505,507,-1,505,504,508,-1,508,504,509,-1,508,509,510,-1,510,509,511,-1,510,511,512,-1,512,511,513,-1,512,513,514,-1,514,513,515,-1,514,515,516,-1,516,515,517,-1,516,517,518,-1,518,517,519,-1,518,519,520,-1,520,519,521,-1,520,521,522,-1,523,524,525,-1,525,524,522,-1,525,522,526,-1,526,522,521,-1,527,528,523,-1,523,528,529,-1,523,529,524,-1,530,531,532,-1,532,531,528,-1,532,528,533,-1,533,528,527,-1,506,507,534,-1,534,507,535,-1,534,535,536,-1,536,535,537,-1,536,537,538,-1,538,537,539,-1,538,539,540,-1,540,539,541,-1,540,541,542,-1,542,541,543,-1,542,543,544,-1,544,543,545,-1,544,545,546,-1,546,545,547,-1,546,547,548,-1,549,550,551,-1,551,550,548,-1,551,548,552,-1,552,548,547,-1,553,554,549,-1,549,554,555,-1,549,555,550,-1,556,557,558,-1,558,557,554,-1,558,554,559,-1,559,554,553,-1,560,561,562,-1,562,561,563,-1,561,560,564,-1,564,560,565,-1,564,565,566,-1,566,565,567,-1,566,567,568,-1,568,567,569,-1,568,569,570,-1,570,569,571,-1,570,571,572,-1,572,571,573,-1,572,573,574,-1,574,573,575,-1,574,575,576,-1,576,575,577,-1,576,577,578,-1,579,580,581,-1,581,580,578,-1,581,578,582,-1,582,578,577,-1,583,584,579,-1,579,584,585,-1,579,585,580,-1,586,587,588,-1,588,587,584,-1,588,584,589,-1,589,584,583,-1,562,563,590,-1,590,563,591,-1,590,591,592,-1,592,591,593,-1,592,593,594,-1,594,593,595,-1,594,595,596,-1,596,595,597,-1,596,597,598,-1,598,597,599,-1,598,599,600,-1,600,599,601,-1,600,601,602,-1,602,601,603,-1,602,603,604,-1,605,606,607,-1,607,606,604,-1,607,604,608,-1,608,604,603,-1,609,610,605,-1,605,610,611,-1,605,611,606,-1,612,613,614,-1,614,613,610,-1,614,610,615,-1,615,610,609,-1,616,617,618,-1,618,617,619,-1,617,616,620,-1,620,616,621,-1,620,621,622,-1,622,621,623,-1,622,623,624,-1,624,623,625,-1,624,625,626,-1,626,625,627,-1,626,627,628,-1,628,627,629,-1,628,629,630,-1,630,629,631,-1,630,631,632,-1,632,631,633,-1,632,633,634,-1,635,636,637,-1,637,636,634,-1,637,634,638,-1,638,634,633,-1,639,640,635,-1,635,640,641,-1,635,641,636,-1,642,643,644,-1,644,643,640,-1,644,640,645,-1,645,640,639,-1,646,647,648,-1,648,647,649,-1,648,649,650,-1,618,619,651,-1,651,619,652,-1,651,652,653,-1,653,652,654,-1,653,654,655,-1,655,654,656,-1,655,656,657,-1,657,656,658,-1,657,658,659,-1,659,658,660,-1,659,660,661,-1,661,660,662,-1,661,662,663,-1,663,662,664,-1,663,664,665,-1,665,664,666,-1,665,666,667,-1,667,666,668,-1,667,668,669,-1,669,668,670,-1,669,670,649,-1,649,670,671,-1,649,671,650,-1,
        ]
    }
}
Shape{
    appearance Appearance {
        material  Material 	{
            diffuseColor 0.8509803921568627 0.807843137254902 0.7372549019607844
            specularColor 0.4235294117647059 0.403921568627451 0.3686274509803922
            ambientIntensity 0.2
            transparency 0
            shininess 0.5
        }
    }
    geometry IndexedFaceSet {
        ccw TRUE
        solid FALSE
        coord DEF co Coordinate {
            point [
                1.378 -0.7283 0.2362, 1.378 1.3189 0.2362, 0.9843 -0.7283 0.2362, 0.9843 1.3189 0.2362, 1.378 -0.7283 2.4606, 1.378 -0.7283 2.3031, 1.378 1.3189 2.4606, 1.378 1.3189 2.3031, -1.378 1.3189 2.4606, -1.378 1.3189 2.3031, -1.378 -0.7283 2.4606, -1.378 -0.7283 2.3031, -0.9843 -0.7283 0.2362, -0.9843 1.3189 0.2362, -1.1811 -0.7283 0.2362, -1.378 1.3189 0.2362, -1.378 -0.7283 0.2362, -1.378 -0.7283 0.2362
            ]
        }
        coordIndex [
            0,1,2,-1,2,1,3,-1,4,5,6,-1,6,5,7,-1,8,9,10,-1,10,9,11,-1,12,13,14,-1,14,13,15,-1,14,15,16,-1,
        ]
    }
}
Shape{
    appearance Appearance {
        material  Material 	{
            diffuseColor 0.7843137254901961 0.7843137254901961 0.7843137254901961
            specularColor 0.39215686274509803 0.39215686274509803 0.39215686274509803
            ambientIntensity 0.2
            transparency 0
            shininess 0.5
        }
    }
    geometry IndexedFaceSet {
        ccw TRUE
        solid FALSE
        coord DEF co Coordinate {
            point [
                -0.8257 1.1112 1.8147, -0.8257 0.8182 1.9286, -0.8257 1.1614 1.7413, -0.8257 -0.7283 1.9339, -0.8257 -0.7283 1.6564, -0.8257 0.7897 1.9339, -0.8257 1.0827 1.6564, -0.8257 0.8042 1.9326, -0.8257 1.1614 1.7352, -0.8257 1.122 1.667, -0.8257 1.1384 1.6795, -0.8257 1.1592 1.76, -0.8257 1.1525 1.7777, -0.8257 1.1031 1.6591, -0.8257 1.1509 1.6958, -0.8257 1.1587 1.7148, -0.8257 1.1419 1.7932, -0.8257 1.1278 1.8058, -0.2351 1.1112 1.8147, -0.2351 0.8182 1.9286, -0.2351 1.1614 1.7413, -0.2351 -0.7283 1.9339, -0.2351 -0.7283 1.6564, -0.2351 0.7897 1.9339, -0.2351 1.0827 1.6564, -0.2351 0.8042 1.9326, -0.2351 1.1614 1.7352, -0.2351 1.122 1.667, -0.2351 1.1384 1.6795, -0.2351 1.1592 1.76, -0.2351 1.1525 1.7777, -0.2351 1.1031 1.6591, -0.2351 1.1509 1.6958, -0.2351 1.1587 1.7148, -0.2351 1.1419 1.7932, -0.2351 1.1278 1.8058, 0.3554 1.1112 1.8147, 0.3554 0.8182 1.9286, 0.3554 1.1614 1.7413, 0.3554 -0.7283 1.9339, 0.3554 -0.7283 1.6564, 0.3554 0.7897 1.9339, 0.3554 1.0827 1.6564, 0.3554 0.8042 1.9326, 0.3554 1.1614 1.7352, 0.3554 1.122 1.667, 0.3554 1.1384 1.6795, 0.3554 1.1592 1.76, 0.3554 1.1525 1.7777, 0.3554 1.1031 1.6591, 0.3554 1.1509 1.6958, 0.3554 1.1587 1.7148, 0.3554 1.1419 1.7932, 0.3554 1.1278 1.8058, 0.946 1.1112 1.8147, 0.946 0.8182 1.9286, 0.946 1.1614 1.7413, 0.946 -0.7283 1.9339, 0.946 -0.7283 1.6564, 0.946 0.7897 1.9339, 0.946 1.0827 1.6564, 0.946 0.8042 1.9326, 0.946 1.1614 1.7352, 0.946 1.122 1.667, 0.946 1.1384 1.6795, 0.946 1.1592 1.76, 0.946 1.1525 1.7777, 0.946 1.1031 1.6591, 0.946 1.1509 1.6958, 0.946 1.1587 1.7148, 0.946 1.1419 1.7932, 0.946 1.1278 1.8058, 1.5365 1.1112 1.8147, 1.5365 0.8182 1.9286, 1.5365 1.1614 1.7413, 1.5365 -0.7283 1.9339, 1.5365 -0.7283 1.6564, 1.5365 0.7897 1.9339, 1.5365 1.0827 1.6564, 1.5365 1.1031 1.6591, 1.5365 0.8042 1.9326, 1.5365 1.1592 1.76, 1.5365 1.1525 1.7777, 1.5365 1.122 1.667, 1.5365 1.1384 1.6795, 1.5365 1.1509 1.6958, 1.5365 1.1587 1.7148, 1.5365 1.1614 1.7352, 1.5365 1.1419 1.7932, 1.5365 1.1278 1.8058, -1.5365 -0.7283 0.6054, -1.5365 -0.7283 0.883, -1.5365 0.7897 0.6054, -1.5365 1.0827 0.883, -1.5365 1.1002 0.881, -1.5365 0.8182 0.6108, -1.5365 0.8042 0.6068, -1.5365 1.1278 0.7336, -1.5365 1.1112 0.7247, -1.5365 1.1614 0.7981, -1.5365 1.1614 0.8042, -1.5365 1.1168 0.8752, -1.5365 1.1318 0.8658, -1.5365 1.1442 0.8533, -1.5365 1.1536 0.8384, -1.5365 1.1594 0.8217, -1.5365 1.1419 0.7461, -1.5365 1.1592 0.7794, -1.5365 1.1525 0.7617, -0.946 1.1112 0.7247, -0.946 0.8182 0.6108, -0.946 1.1614 0.7981, -0.946 -0.7283 0.6054, -0.946 -0.7283 0.883, -0.946 0.7897 0.6054, -0.946 1.0827 0.883, -0.946 0.8042 0.6068, -0.946 1.1002 0.881, -0.946 1.1168 0.8752, -0.946 1.1592 0.7794, -0.946 1.1525 0.7617, -0.946 1.1318 0.8658, -0.946 1.1442 0.8533, -0.946 1.1536 0.8384, -0.946 1.1594 0.8217, -0.946 1.1614 0.8042, -0.946 1.1419 0.7461, -0.946 1.1278 0.7336, -0.3554 1.1112 0.7247, -0.3554 0.8182 0.6108, -0.3554 1.1614 0.7981, -0.3554 -0.7283 0.6054, -0.3554 -0.7283 0.883, -0.3554 0.7897 0.6054, -0.3554 1.0827 0.883, -0.3554 0.8042 0.6068, -0.3554 1.1002 0.881, -0.3554 1.1168 0.8752, -0.3554 1.1592 0.7794, -0.3554 1.1525 0.7617, -0.3554 1.1318 0.8658, -0.3554 1.1442 0.8533, -0.3554 1.1536 0.8384, -0.3554 1.1594 0.8217, -0.3554 1.1614 0.8042, -0.3554 1.1419 0.7461, -0.3554 1.1278 0.7336, 0.2351 1.1112 0.7247, 0.2351 0.8182 0.6108, 0.2351 1.1614 0.7981, 0.2351 -0.7283 0.6054, 0.2351 -0.7283 0.883, 0.2351 0.7897 0.6054, 0.2351 1.0827 0.883, 0.2351 0.8042 0.6068, 0.2351 1.1002 0.881, 0.2351 1.1168 0.8752, 0.2351 1.1592 0.7794, 0.2351 1.1525 0.7617, 0.2351 1.1318 0.8658, 0.2351 1.1442 0.8533, 0.2351 1.1536 0.8384, 0.2351 1.1594 0.8217, 0.2351 1.1614 0.8042, 0.2351 1.1419 0.7461, 0.2351 1.1278 0.7336, 0.8257 1.1112 0.7247, 0.8257 0.8182 0.6108, 0.8257 1.1614 0.7981, 0.8257 -0.7283 0.6054, 0.8257 -0.7283 0.883, 0.8257 0.7897 0.6054, 0.8257 1.0827 0.883, 0.8257 0.8042 0.6068, 0.8257 1.1002 0.881, 0.8257 1.1168 0.8752, 0.8257 1.1592 0.7794, 0.8257 1.1525 0.7617, 0.8257 1.1318 0.8658, 0.8257 1.1442 0.8533, 0.8257 1.1536 0.8384, 0.8257 1.1594 0.8217, 0.8257 1.1614 0.8042, 0.8257 1.1419 0.7461, 0.8257 1.1278 0.7336, 0.8257 1.1278 0.7336
            ]
        }
        coordIndex [
            0,1,2,-1,3,4,5,-1,5,4,6,-1,5,6,7,-1,2,1,8,-1,9,10,1,-1,2,11,12,-1,7,6,1,-1,1,6,13,-1,1,13,9,-1,10,14,1,-1,1,14,15,-1,1,15,8,-1,12,16,2,-1,2,16,17,-1,2,17,0,-1,18,19,20,-1,21,22,23,-1,23,22,24,-1,23,24,25,-1,20,19,26,-1,27,28,19,-1,20,29,30,-1,25,24,19,-1,19,24,31,-1,19,31,27,-1,28,32,19,-1,19,32,33,-1,19,33,26,-1,30,34,20,-1,20,34,35,-1,20,35,18,-1,36,37,38,-1,39,40,41,-1,41,40,42,-1,41,42,43,-1,38,37,44,-1,45,46,37,-1,38,47,48,-1,43,42,37,-1,37,42,49,-1,37,49,45,-1,46,50,37,-1,37,50,51,-1,37,51,44,-1,48,52,38,-1,38,52,53,-1,38,53,36,-1,54,55,56,-1,57,58,59,-1,59,58,60,-1,59,60,61,-1,56,55,62,-1,63,64,55,-1,56,65,66,-1,61,60,55,-1,55,60,67,-1,55,67,63,-1,64,68,55,-1,55,68,69,-1,55,69,62,-1,66,70,56,-1,56,70,71,-1,56,71,54,-1,72,73,74,-1,75,76,77,-1,77,76,78,-1,79,73,78,-1,78,73,80,-1,78,80,77,-1,74,81,82,-1,79,83,73,-1,73,83,84,-1,73,84,85,-1,85,86,73,-1,73,86,87,-1,73,87,74,-1,82,88,74,-1,74,88,89,-1,74,89,72,-1,90,91,92,-1,92,91,93,-1,94,95,93,-1,93,95,96,-1,93,96,92,-1,97,98,99,-1,99,98,95,-1,99,95,100,-1,94,101,95,-1,95,101,102,-1,95,102,103,-1,103,104,95,-1,95,104,105,-1,95,105,100,-1,97,99,106,-1,106,99,107,-1,106,107,108,-1,109,110,111,-1,112,113,114,-1,114,113,115,-1,114,115,116,-1,116,115,110,-1,110,115,117,-1,110,117,118,-1,111,119,120,-1,118,121,110,-1,110,121,122,-1,110,122,123,-1,123,124,110,-1,110,124,125,-1,110,125,111,-1,120,126,111,-1,111,126,127,-1,111,127,109,-1,128,129,130,-1,131,132,133,-1,133,132,134,-1,133,134,135,-1,135,134,129,-1,129,134,136,-1,129,136,137,-1,130,138,139,-1,137,140,129,-1,129,140,141,-1,129,141,142,-1,142,143,129,-1,129,143,144,-1,129,144,130,-1,139,145,130,-1,130,145,146,-1,130,146,128,-1,147,148,149,-1,150,151,152,-1,152,151,153,-1,152,153,154,-1,154,153,148,-1,148,153,155,-1,148,155,156,-1,149,157,158,-1,156,159,148,-1,148,159,160,-1,148,160,161,-1,161,162,148,-1,148,162,163,-1,148,163,149,-1,158,164,149,-1,149,164,165,-1,149,165,147,-1,166,167,168,-1,169,170,171,-1,171,170,172,-1,171,172,173,-1,173,172,167,-1,167,172,174,-1,167,174,175,-1,168,176,177,-1,175,178,167,-1,167,178,179,-1,167,179,180,-1,180,181,167,-1,167,181,182,-1,167,182,168,-1,177,183,168,-1,168,183,184,-1,168,184,166,-1,
        ]
    }
}
Shape{
    appearance Appearance {
        material  Material 	{
            diffuseColor 0.8509803921568627 0.807843137254902 0.7372549019607844
            specularColor 0.4235294117647059 0.403921568627451 0.3686274509803922
            ambientIntensity 0.2
            transparency 0
            shininess 0.5
        }
    }
    geometry IndexedFaceSet {
        ccw TRUE
        solid FALSE
        coord DEF co Coordinate {
            point [
                1.5748 -0.7283 0.7185, 1.5748 -0.7283 0.9154, 1.5748 1.2402 0.7185, 1.5748 1.2402 0.9154, 1.5748 -0.7283 1.624, 1.5748 -0.7283 1.8209, 1.5748 1.2402 1.624, 1.5748 1.2402 1.8209, -1.5748 1.2402 1.624, -1.5748 1.2402 1.8209, -1.5748 -0.7283 1.624, -1.5748 -0.7283 1.8209, 0.7677 1.2402 1.5059, 1.752 1.2402 1.5059, 0.7677 -0.7283 1.5059, 1.752 -0.7283 1.5059, 1.752 1.2402 1.0335, 0.7677 1.2402 1.0335, 1.752 -0.7283 1.0335, 0.7677 -0.7283 1.0335, -1.752 -0.7283 1.5059, -1.752 1.2402 1.5059, -0.7677 -0.7283 1.5059, -0.7677 1.2402 1.5059, -1.752 1.2402 1.0335, -1.752 -0.7283 1.0335, -0.7677 1.2402 1.0335, -0.7677 -0.7283 1.0335, -0.4921 1.2402 1.5059, 0.4921 1.2402 1.5059, -0.4921 -0.7283 1.5059, 0.4921 -0.7283 1.5059, 0.4921 1.2402 1.0335, -0.4921 1.2402 1.0335, 0.4921 -0.7283 1.0335, -0.4921 -0.7283 1.0335, -1.5748 -0.7283 0.9154, -1.5748 -0.7283 0.7185, -1.5748 1.2402 0.9154, -1.5748 1.2402 0.7185, -1.5748 1.2402 0.7185
            ]
        }
        coordIndex [
            0,1,2,-1,2,1,3,-1,4,5,6,-1,6,5,7,-1,8,9,10,-1,10,9,11,-1,12,13,14,-1,14,13,15,-1,16,17,18,-1,18,17,19,-1,20,21,22,-1,22,21,23,-1,24,25,26,-1,26,25,27,-1,28,29,30,-1,30,29,31,-1,32,33,34,-1,34,33,35,-1,36,37,38,-1,38,37,39,-1,
        ]
    }
}
Shape{
    appearance Appearance {
        material  Material 	{
            diffuseColor 0.7843137254901961 0.7843137254901961 0.7843137254901961
            specularColor 0.39215686274509803 0.39215686274509803 0.39215686274509803
            ambientIntensity 0.2
            transparency 0
            shininess 0.5
        }
    }
    geometry IndexedFaceSet {
        ccw TRUE
        solid FALSE
        coord DEF co Coordinate {
            point [
                1.4162 -0.7283 0.6054, 1.4162 -0.7283 0.883, 1.4162 0.7897 0.6054, 1.4162 1.0827 0.883, 1.4162 1.1002 0.881, 1.4162 0.8182 0.6108, 1.4162 0.8042 0.6068, 1.4162 1.1614 0.8042, 1.4162 1.1614 0.7981, 1.4162 1.1168 0.8752, 1.4162 1.1318 0.8658, 1.4162 1.1442 0.8533, 1.4162 1.1525 0.7617, 1.4162 1.1419 0.7461, 1.4162 1.1592 0.7794, 1.4162 1.1278 0.7336, 1.4162 1.1112 0.7247, 1.4162 1.1536 0.8384, 1.4162 1.1594 0.8217, -1.5394 1.122 2.4282, -1.4134 1.122 2.4282, -1.4134 1.1414 2.4258, -1.5394 1.1414 2.4258, -1.4134 1.1596 2.4187, -1.5394 1.1596 2.4187, -1.4134 1.1755 2.4073, -1.5394 1.1755 2.4073, -1.4134 1.1881 2.3923, -1.5394 1.1881 2.3923, -1.4134 1.1966 2.3747, -1.5394 1.1966 2.3747, -1.4134 1.2006 2.3556, -1.5394 1.2006 2.3556, -1.4134 1.146 2.2867, -1.5394 1.146 2.2867, -1.5394 1.1629 2.2944, -1.4134 1.1629 2.2944, -1.5394 1.1776 2.3058, -1.4134 1.1776 2.3058, -1.5394 1.1891 2.3204, -1.4134 1.1891 2.3204, -1.5394 1.1969 2.3373, -1.4134 1.1969 2.3373, -1.5394 0.8238 2.1838, -1.4134 0.8238 2.1838, -1.4134 -0.7283 2.4282, -1.4148 -0.7283 2.4282, -1.5394 -0.7283 2.4282, -0.9489 1.122 2.4282, -0.8228 1.122 2.4282, -0.8228 1.1414 2.4258, -0.9489 1.1414 2.4258, -0.8228 1.1596 2.4187, -0.9489 1.1596 2.4187, -0.8228 1.1755 2.4073, -0.9489 1.1755 2.4073, -0.8228 1.1881 2.3923, -0.9489 1.1881 2.3923, -0.8228 1.1966 2.3747, -0.9489 1.1966 2.3747, -0.8228 1.2006 2.3556, -0.9489 1.2006 2.3556, -0.8228 1.146 2.2867, -0.9489 1.146 2.2867, -0.9489 1.1629 2.2944, -0.8228 1.1629 2.2944, -0.9489 1.1776 2.3058, -0.8228 1.1776 2.3058, -0.9489 1.1891 2.3204, -0.8228 1.1891 2.3204, -0.9489 1.1969 2.3373, -0.8228 1.1969 2.3373, -0.9489 0.8238 2.1838, -0.8228 0.8238 2.1838, -0.8228 -0.7283 2.4282, -0.8242 -0.7283 2.4282, -0.9489 -0.7283 2.4282, -0.3583 1.122 2.4282, -0.2323 1.122 2.4282, -0.2323 1.1414 2.4258, -0.3583 1.1414 2.4258, -0.2323 1.1596 2.4187, -0.3583 1.1596 2.4187, -0.2323 1.1755 2.4073, -0.3583 1.1755 2.4073, -0.2323 1.1881 2.3923, -0.3583 1.1881 2.3923, -0.2323 1.1966 2.3747, -0.3583 1.1966 2.3747, -0.2323 1.2006 2.3556, -0.3583 1.2006 2.3556, -0.2323 1.146 2.2867, -0.3583 1.146 2.2867, -0.3583 1.1629 2.2944, -0.2323 1.1629 2.2944, -0.3583 1.1776 2.3058, -0.2323 1.1776 2.3058, -0.3583 1.1891 2.3204, -0.2323 1.1891 2.3204, -0.3583 1.1969 2.3373, -0.2323 1.1969 2.3373, -0.3583 0.8238 2.1838, -0.2323 0.8238 2.1838, -0.2323 -0.7283 2.4282, -0.2337 -0.7283 2.4282, -0.3583 -0.7283 2.4282, 0.2323 1.122 2.4282, 0.3583 1.122 2.4282, 0.3583 1.1414 2.4258, 0.2323 1.1414 2.4258, 0.3583 1.1596 2.4187, 0.2323 1.1596 2.4187, 0.3583 1.1755 2.4073, 0.2323 1.1755 2.4073, 0.3583 1.1881 2.3923, 0.2323 1.1881 2.3923, 0.3583 1.1966 2.3747, 0.2323 1.1966 2.3747, 0.3583 1.2006 2.3556, 0.2323 1.2006 2.3556, 0.3583 1.146 2.2867, 0.2323 1.146 2.2867, 0.2323 1.1629 2.2944, 0.3583 1.1629 2.2944, 0.2323 1.1776 2.3058, 0.3583 1.1776 2.3058, 0.2323 1.1891 2.3204, 0.3583 1.1891 2.3204, 0.2323 1.1969 2.3373, 0.3583 1.1969 2.3373, 0.2323 0.8238 2.1838, 0.3583 0.8238 2.1838, 0.3583 -0.7283 2.4282, 0.2323 -0.7283 2.4282, 0.8228 1.122 2.4282, 0.9489 1.122 2.4282, 0.9489 1.1414 2.4258, 0.8228 1.1414 2.4258, 0.9489 1.1596 2.4187, 0.8228 1.1596 2.4187, 0.9489 1.1755 2.4073, 0.8228 1.1755 2.4073, 0.9489 1.1881 2.3923, 0.8228 1.1881 2.3923, 0.9489 1.1966 2.3747, 0.8228 1.1966 2.3747, 0.9489 1.2006 2.3556, 0.8228 1.2006 2.3556, 0.9489 1.146 2.2867, 0.8228 1.146 2.2867, 0.8228 1.1629 2.2944, 0.9489 1.1629 2.2944, 0.8228 1.1776 2.3058, 0.9489 1.1776 2.3058, 0.8228 1.1891 2.3204, 0.9489 1.1891 2.3204, 0.8228 1.1969 2.3373, 0.9489 1.1969 2.3373, 0.8228 0.8238 2.1838, 0.9489 0.8238 2.1838, 0.9489 -0.7283 2.4282, 0.9474 -0.7283 2.4282, 0.8228 -0.7283 2.4282, 1.4134 1.122 2.4282, 1.5394 1.122 2.4282, 1.5394 1.1414 2.4258, 1.4134 1.1414 2.4258, 1.5394 1.1596 2.4187, 1.4134 1.1596 2.4187, 1.5394 1.1755 2.4073, 1.4134 1.1755 2.4073, 1.5394 1.1881 2.3923, 1.4134 1.1881 2.3923, 1.5394 1.1966 2.3747, 1.4134 1.1966 2.3747, 1.5394 1.2006 2.3556, 1.4134 1.2006 2.3556, 1.5394 1.146 2.2867, 1.4134 1.146 2.2867, 1.4134 1.1629 2.2944, 1.5394 1.1629 2.2944, 1.4134 1.1776 2.3058, 1.5394 1.1776 2.3058, 1.4134 1.1891 2.3204, 1.5394 1.1891 2.3204, 1.4134 1.1969 2.3373, 1.5394 1.1969 2.3373, 1.4134 0.8238 2.1838, 1.5394 0.8238 2.1838, 1.5394 -0.7283 2.4282, 1.538 -0.7283 2.4282, 1.4134 -0.7283 2.4282, -1.5551 1.4173 -0.0394, -1.5551 1.4173 0.1181, -1.555 1.4195 0.118, -1.555 1.4195 -0.0392, -1.5546 1.4217 0.1176, -1.5546 1.4217 -0.0388, -1.5544 1.4224 0.1174, -1.5544 1.4224 -0.0387, -1.5532 1.4259 0.1162, -1.5532 1.4259 -0.0374, -1.5524 1.4271 0.1154, -1.5524 1.4271 -0.0366, -1.5508 1.4296 0.1138, -1.5508 1.4296 -0.0351, -1.5493 1.4312 -0.0335, -1.5494 1.4312 0.1123, -1.5477 1.4327 -0.032, -1.5476 1.4326 0.1106, -1.5452 1.4343 -0.0295, -1.5453 1.4344 0.1083, -1.544 1.4351 -0.0282, -1.5439 1.4349 0.1069, -1.5405 1.4363 -0.0248, -1.5405 1.4363 0.1035, -1.5398 1.4365 -0.0241, -1.5398 1.4364 0.1028, -1.5354 1.437 0.0984, -1.5354 1.437 -0.0197, -1.4173 1.437 0.0984, -1.4129 1.4365 0.1028, -1.4173 1.437 -0.0197, -1.413 1.4364 -0.0241, -1.4122 1.4363 -0.0248, -1.4123 1.4363 0.1035, -1.4088 1.4349 -0.0282, -1.4088 1.4351 0.107, -1.4075 1.4344 -0.0295, -1.4075 1.4343 0.1082, -1.4052 1.4326 -0.0319, -1.405 1.4327 0.1107, -1.4034 1.4312 -0.0336, -1.4035 1.4312 0.1123, -1.4019 1.4296 -0.0351, -1.4019 1.4296 0.1138, -1.4004 1.4271 -0.0366, -1.4004 1.4271 0.1154, -1.3996 1.4259 -0.0374, -1.3996 1.4259 0.1162, -1.3983 1.4224 0.1174, -1.3983 1.4224 -0.0387, -1.3982 1.4217 0.1176, -1.3981 1.4217 -0.0389, -1.3978 1.4195 0.118, -1.3978 1.4195 -0.0392, -1.3976 1.4173 0.1181, -1.3976 1.4173 -0.0394, -1.5551 1.1787 -0.0394, -1.3976 1.1787 -0.0394, -1.3976 1.0866 0.0049, -1.5551 1.0866 0.0049, -1.5551 1.1053 -0.0137, -1.3976 1.1053 -0.0137, -1.5551 1.1276 -0.0277, -1.3976 1.1276 -0.0277, -1.5551 1.1525 -0.0364, -1.3976 1.1525 -0.0364, -1.3976 0.9976 0.1162, -1.5551 0.9976 0.1162, -1.4055 -0.7283 0.315, -1.3976 -0.7283 0.315, -1.3976 0.9117 0.315, -1.4148 -0.7283 0.315, -1.5551 0.9117 0.315, -1.5551 -0.7283 0.315, -1.3976 1.1206 0.2146, -1.5551 1.1206 0.2146, -1.5551 1.0782 0.2568, -1.3976 1.0782 0.2568, -1.5551 1.0276 0.2886, -1.3976 1.0276 0.2886, -1.5551 0.9711 0.3083, -1.3976 0.9711 0.3083, -1.3976 1.1833 0.1362, -1.5551 1.1833 0.1362, -1.3976 1.2209 0.1181, -1.5551 1.2209 0.1181, -1.3976 1.2102 0.1193, -1.5551 1.2102 0.1193, -1.3976 1.2 0.1229, -1.5551 1.2 0.1229, -1.3976 1.1909 0.1286, -1.5551 1.1909 0.1286, -0.8268 1.437 0.0984, -0.8224 1.4365 0.1028, -0.8268 1.437 -0.0197, -0.8224 1.4364 -0.0241, -0.8217 1.4363 -0.0248, -0.8217 1.4363 0.1035, -0.8183 1.4349 -0.0282, -0.8182 1.4351 0.107, -0.8169 1.4344 -0.0295, -0.817 1.4343 0.1082, -0.8146 1.4326 -0.0319, -0.8145 1.4327 0.1107, -0.8129 1.4312 -0.0336, -0.8129 1.4312 0.1123, -0.8114 1.4296 -0.0351, -0.8114 1.4296 0.1138, -0.8098 1.4271 -0.0366, -0.8098 1.4271 0.1154, -0.809 1.4259 -0.0374, -0.809 1.4259 0.1162, -0.8078 1.4224 0.1174, -0.8078 1.4224 -0.0387, -0.8076 1.4217 0.1176, -0.8076 1.4217 -0.0389, -0.8072 1.4195 0.118, -0.8072 1.4195 -0.0392, -0.8071 1.4173 0.1181, -0.8071 1.4173 -0.0394, -0.9646 1.4173 -0.0394, -0.9646 1.4173 0.1181, -0.9644 1.4195 0.118, -0.9644 1.4195 -0.0392, -0.9641 1.4217 0.1176, -0.964 1.4217 -0.0388, -0.9639 1.4224 0.1174, -0.9639 1.4224 -0.0387, -0.9626 1.4259 0.1162, -0.9626 1.4259 -0.0374, -0.9618 1.4271 0.1154, -0.9618 1.4271 -0.0366, -0.9603 1.4296 0.1138, -0.9603 1.4296 -0.0351, -0.9587 1.4312 -0.0335, -0.9588 1.4312 0.1123, -0.9572 1.4327 -0.032, -0.9571 1.4326 0.1106, -0.9547 1.4343 -0.0295, -0.9547 1.4344 0.1083, -0.9534 1.4351 -0.0282, -0.9534 1.4349 0.1069, -0.95 1.4363 -0.0248, -0.95 1.4363 0.1035, -0.9493 1.4365 -0.0241, -0.9492 1.4364 0.1028, -0.9449 1.437 0.0984, -0.9449 1.437 -0.0197, -0.9646 1.1787 -0.0394, -0.8071 1.1787 -0.0394, -0.8071 1.0866 0.0049, -0.9646 1.0866 0.0049, -0.9646 1.1053 -0.0137, -0.8071 1.1053 -0.0137, -0.9646 1.1276 -0.0277, -0.8071 1.1276 -0.0277, -0.9646 1.1525 -0.0364, -0.8071 1.1525 -0.0364, -0.8071 -0.7283 0.315, -0.8071 0.9117 0.315, -0.8149 -0.7283 0.315, -0.8242 -0.7283 0.315, -0.9646 0.9117 0.315, -0.9646 -0.7283 0.315, -0.9567 -0.7283 0.315, -0.8071 1.1206 0.2146, -0.9646 1.1206 0.2146, -0.9646 1.0782 0.2568, -0.8071 1.0782 0.2568, -0.9646 1.0276 0.2886, -0.8071 1.0276 0.2886, -0.9646 0.9711 0.3083, -0.8071 0.9711 0.3083, -0.8071 1.1833 0.1362, -0.9646 1.1833 0.1362, -0.8071 1.2209 0.1181, -0.9646 1.2209 0.1181, -0.8071 1.2102 0.1193, -0.9646 1.2102 0.1193, -0.8071 1.2 0.1229, -0.9646 1.2 0.1229, -0.8071 1.1909 0.1286, -0.9646 1.1909 0.1286, -0.8071 0.9976 0.1162, -0.9646 0.9976 0.1162, -0.2362 1.437 0.0984, -0.2318 1.4365 0.1028, -0.2362 1.437 -0.0197, -0.2319 1.4364 -0.0241, -0.2311 1.4363 -0.0248, -0.2311 1.4363 0.1035, -0.2277 1.4349 -0.0282, -0.2277 1.4351 0.107, -0.2264 1.4344 -0.0295, -0.2264 1.4343 0.1082, -0.224 1.4326 -0.0319, -0.2239 1.4327 0.1107, -0.2223 1.4312 -0.0336, -0.2224 1.4312 0.1123, -0.2208 1.4296 -0.0351, -0.2208 1.4296 0.1138, -0.2193 1.4271 -0.0366, -0.2193 1.4271 0.1154, -0.2185 1.4259 -0.0374, -0.2185 1.4259 0.1162, -0.2172 1.4224 0.1174, -0.2172 1.4224 -0.0387, -0.2171 1.4217 0.1176, -0.217 1.4217 -0.0389, -0.2167 1.4195 0.118, -0.2167 1.4195 -0.0392, -0.2165 1.4173 0.1181, -0.2165 1.4173 -0.0394, -0.374 1.4173 -0.0394, -0.374 1.4173 0.1181, -0.3739 1.4195 0.118, -0.3739 1.4195 -0.0392, -0.3735 1.4217 0.1176, -0.3735 1.4217 -0.0388, -0.3733 1.4224 0.1174, -0.3733 1.4224 -0.0387, -0.3721 1.4259 0.1162, -0.3721 1.4259 -0.0374, -0.3713 1.4271 0.1154, -0.3713 1.4271 -0.0366, -0.3697 1.4296 0.1138, -0.3697 1.4296 -0.0351, -0.3682 1.4312 -0.0335, -0.3683 1.4312 0.1123, -0.3666 1.4327 -0.032, -0.3665 1.4326 0.1106, -0.3641 1.4343 -0.0295, -0.3642 1.4344 0.1083, -0.3629 1.4351 -0.0282, -0.3628 1.4349 0.1069, -0.3594 1.4363 -0.0248, -0.3594 1.4363 0.1035, -0.3587 1.4365 -0.0241, -0.3587 1.4364 0.1028, -0.3543 1.437 0.0984, -0.3543 1.437 -0.0197, -0.374 1.1787 -0.0394, -0.2165 1.1787 -0.0394, -0.2165 1.0866 0.0049, -0.374 1.0866 0.0049, -0.374 1.1053 -0.0137, -0.2165 1.1053 -0.0137, -0.374 1.1276 -0.0277, -0.2165 1.1276 -0.0277, -0.374 1.1525 -0.0364, -0.2165 1.1525 -0.0364, -0.2165 -0.7283 0.315, -0.2165 0.9117 0.315, -0.2244 -0.7283 0.315, -0.2337 -0.7283 0.315, -0.374 0.9117 0.315, -0.374 -0.7283 0.315, -0.3662 -0.7283 0.315, -0.2165 1.1206 0.2146, -0.374 1.1206 0.2146, -0.374 1.0782 0.2568, -0.2165 1.0782 0.2568, -0.374 1.0276 0.2886, -0.2165 1.0276 0.2886, -0.374 0.9711 0.3083, -0.2165 0.9711 0.3083, -0.2165 1.1833 0.1362, -0.374 1.1833 0.1362, -0.2165 1.2209 0.1181, -0.374 1.2209 0.1181, -0.2165 1.2102 0.1193, -0.374 1.2102 0.1193, -0.2165 1.2 0.1229, -0.374 1.2 0.1229, -0.2165 1.1909 0.1286, -0.374 1.1909 0.1286, -0.2165 0.9976 0.1162, -0.374 0.9976 0.1162, 0.3543 1.437 0.0984, 0.3587 1.4365 0.1028, 0.3543 1.437 -0.0197, 0.3587 1.4364 -0.0241, 0.3594 1.4363 -0.0248, 0.3594 1.4363 0.1035, 0.3628 1.4349 -0.0282, 0.3629 1.4351 0.107, 0.3642 1.4344 -0.0295, 0.3641 1.4343 0.1082, 0.3665 1.4326 -0.0319, 0.3666 1.4327 0.1107, 0.3683 1.4312 -0.0336, 0.3682 1.4312 0.1123, 0.3697 1.4296 -0.0351, 0.3697 1.4296 0.1138, 0.3713 1.4271 -0.0366, 0.3713 1.4271 0.1154, 0.3721 1.4259 -0.0374, 0.3721 1.4259 0.1162, 0.3733 1.4224 0.1174, 0.3733 1.4224 -0.0387, 0.3735 1.4217 0.1176, 0.3735 1.4217 -0.0389, 0.3739 1.4195 0.118, 0.3739 1.4195 -0.0392, 0.374 1.4173 0.1181, 0.374 1.4173 -0.0394, 0.2165 1.4173 -0.0394, 0.2165 1.4173 0.1181, 0.2167 1.4195 0.118, 0.2167 1.4195 -0.0392, 0.217 1.4217 0.1176, 0.2171 1.4217 -0.0388, 0.2172 1.4224 0.1174, 0.2172 1.4224 -0.0387, 0.2185 1.4259 0.1162, 0.2185 1.4259 -0.0374, 0.2193 1.4271 0.1154, 0.2193 1.4271 -0.0366, 0.2208 1.4296 0.1138, 0.2208 1.4296 -0.0351, 0.2224 1.4312 -0.0335, 0.2223 1.4312 0.1123, 0.2239 1.4327 -0.032, 0.224 1.4326 0.1106, 0.2264 1.4343 -0.0295, 0.2264 1.4344 0.1083, 0.2277 1.4351 -0.0282, 0.2277 1.4349 0.1069, 0.2311 1.4363 -0.0248, 0.2311 1.4363 0.1035, 0.2318 1.4365 -0.0241, 0.2319 1.4364 0.1028, 0.2362 1.437 0.0984, 0.2362 1.437 -0.0197, 0.2165 1.1787 -0.0394, 0.374 1.1787 -0.0394, 0.374 1.0866 0.0049, 0.2165 1.0866 0.0049, 0.2165 1.1053 -0.0137, 0.374 1.1053 -0.0137, 0.2165 1.1276 -0.0277, 0.374 1.1276 -0.0277, 0.2165 1.1525 -0.0364, 0.374 1.1525 -0.0364, 0.374 -0.7283 0.315, 0.374 0.9117 0.315, 0.3662 -0.7283 0.315, 0.2165 0.9117 0.315, 0.2165 -0.7283 0.315, 0.374 1.1206 0.2146, 0.2165 1.1206 0.2146, 0.2165 1.0782 0.2568, 0.374 1.0782 0.2568, 0.2165 1.0276 0.2886, 0.374 1.0276 0.2886, 0.2165 0.9711 0.3083, 0.374 0.9711 0.3083, 0.374 1.1833 0.1362, 0.2165 1.1833 0.1362, 0.374 1.2209 0.1181, 0.2165 1.2209 0.1181, 0.374 1.2102 0.1193, 0.2165 1.2102 0.1193, 0.374 1.2 0.1229, 0.2165 1.2 0.1229, 0.374 1.1909 0.1286, 0.2165 1.1909 0.1286, 0.374 0.9976 0.1162, 0.2165 0.9976 0.1162, 0.9449 1.437 0.0984, 0.9493 1.4365 0.1028, 0.9449 1.437 -0.0197, 0.9492 1.4364 -0.0241, 0.95 1.4363 -0.0248, 0.95 1.4363 0.1035, 0.9534 1.4349 -0.0282, 0.9534 1.4351 0.107, 0.9547 1.4344 -0.0295, 0.9547 1.4343 0.1082, 0.9571 1.4326 -0.0319, 0.9572 1.4327 0.1107, 0.9588 1.4312 -0.0336, 0.9587 1.4312 0.1123, 0.9603 1.4296 -0.0351, 0.9603 1.4296 0.1138, 0.9618 1.4271 -0.0366, 0.9618 1.4271 0.1154, 0.9626 1.4259 -0.0374, 0.9626 1.4259 0.1162, 0.9639 1.4224 0.1174, 0.9639 1.4224 -0.0387, 0.964 1.4217 0.1176, 0.9641 1.4217 -0.0389, 0.9644 1.4195 0.118, 0.9644 1.4195 -0.0392, 0.9646 1.4173 0.1181, 0.9646 1.4173 -0.0394, 0.8071 1.4173 -0.0394, 0.8071 1.4173 0.1181, 0.8072 1.4195 0.118, 0.8072 1.4195 -0.0392, 0.8076 1.4217 0.1176, 0.8076 1.4217 -0.0388, 0.8078 1.4224 0.1174, 0.8078 1.4224 -0.0387, 0.809 1.4259 0.1162, 0.809 1.4259 -0.0374, 0.8098 1.4271 0.1154, 0.8098 1.4271 -0.0366, 0.8114 1.4296 0.1138, 0.8114 1.4296 -0.0351, 0.8129 1.4312 -0.0335, 0.8129 1.4312 0.1123, 0.8145 1.4327 -0.032, 0.8146 1.4326 0.1106, 0.817 1.4343 -0.0295, 0.8169 1.4344 0.1083, 0.8182 1.4351 -0.0282, 0.8183 1.4349 0.1069, 0.8217 1.4363 -0.0248, 0.8217 1.4363 0.1035, 0.8224 1.4365 -0.0241, 0.8224 1.4364 0.1028, 0.8268 1.437 0.0984, 0.8268 1.437 -0.0197, 0.8071 1.1787 -0.0394, 0.9646 1.1787 -0.0394, 0.9646 1.0866 0.0049, 0.8071 1.0866 0.0049, 0.8071 1.1053 -0.0137, 0.9646 1.1053 -0.0137, 0.8071 1.1276 -0.0277, 0.9646 1.1276 -0.0277, 0.8071 1.1525 -0.0364, 0.9646 1.1525 -0.0364, 0.9646 -0.7283 0.315, 0.9646 0.9117 0.315, 0.9567 -0.7283 0.315, 0.9474 -0.7283 0.315, 0.8071 0.9117 0.315, 0.8071 -0.7283 0.315, 0.8149 -0.7283 0.315, 0.9646 1.1206 0.2146, 0.8071 1.1206 0.2146, 0.8071 1.0782 0.2568, 0.9646 1.0782 0.2568, 0.8071 1.0276 0.2886, 0.9646 1.0276 0.2886, 0.8071 0.9711 0.3083, 0.9646 0.9711 0.3083, 0.9646 1.1833 0.1362, 0.8071 1.1833 0.1362, 0.9646 1.2209 0.1181, 0.8071 1.2209 0.1181, 0.9646 1.2102 0.1193, 0.8071 1.2102 0.1193, 0.9646 1.2 0.1229, 0.8071 1.2 0.1229, 0.9646 1.1909 0.1286, 0.8071 1.1909 0.1286, 0.9646 0.9976 0.1162, 0.8071 0.9976 0.1162, -1.4162 -0.7283 1.9339, -1.4162 -0.7283 1.6564, -1.4162 0.7897 1.9339, -1.4162 1.0827 1.6564, -1.4162 0.8042 1.9326, -1.4162 1.1278 1.8058, -1.4162 1.1112 1.8147, -1.4162 1.1614 1.7413, -1.4162 0.8182 1.9286, -1.4162 1.1614 1.7352, -1.4162 1.122 1.667, -1.4162 1.1384 1.6795, -1.4162 1.1031 1.6591, -1.4162 1.1509 1.6958, -1.4162 1.1587 1.7148, -1.4162 1.1419 1.7932, -1.4162 1.1592 1.76, -1.4162 1.1525 1.7777, 1.5354 1.437 0.0984, 1.5398 1.4365 0.1028, 1.5354 1.437 -0.0197, 1.5398 1.4364 -0.0241, 1.5405 1.4363 -0.0248, 1.5405 1.4363 0.1035, 1.5439 1.4349 -0.0282, 1.544 1.4351 0.107, 1.5453 1.4344 -0.0295, 1.5452 1.4343 0.1082, 1.5476 1.4326 -0.0319, 1.5477 1.4327 0.1107, 1.5494 1.4312 -0.0336, 1.5493 1.4312 0.1123, 1.5508 1.4296 -0.0351, 1.5508 1.4296 0.1138, 1.5524 1.4271 -0.0366, 1.5524 1.4271 0.1154, 1.5532 1.4259 -0.0374, 1.5532 1.4259 0.1162, 1.5544 1.4224 0.1174, 1.5544 1.4224 -0.0387, 1.5546 1.4217 0.1176, 1.5546 1.4217 -0.0389, 1.555 1.4195 0.118, 1.555 1.4195 -0.0392, 1.5551 1.4173 0.1181, 1.5551 1.4173 -0.0394, 1.3976 1.4173 -0.0394, 1.3976 1.4173 0.1181, 1.3978 1.4195 0.118, 1.3978 1.4195 -0.0392, 1.3981 1.4217 0.1176, 1.3982 1.4217 -0.0388, 1.3983 1.4224 0.1174, 1.3983 1.4224 -0.0387, 1.3996 1.4259 0.1162, 1.3996 1.4259 -0.0374, 1.4004 1.4271 0.1154, 1.4004 1.4271 -0.0366, 1.4019 1.4296 0.1138, 1.4019 1.4296 -0.0351, 1.4035 1.4312 -0.0335, 1.4034 1.4312 0.1123, 1.405 1.4327 -0.032, 1.4052 1.4326 0.1106, 1.4075 1.4343 -0.0295, 1.4075 1.4344 0.1083, 1.4088 1.4351 -0.0282, 1.4088 1.4349 0.1069, 1.4123 1.4363 -0.0248, 1.4122 1.4363 0.1035, 1.4129 1.4365 -0.0241, 1.413 1.4364 0.1028, 1.4173 1.437 0.0984, 1.4173 1.437 -0.0197, 1.3976 1.1787 -0.0394, 1.5551 1.1787 -0.0394, 1.5551 1.0866 0.0049, 1.3976 1.0866 0.0049, 1.3976 1.1053 -0.0137, 1.5551 1.1053 -0.0137, 1.3976 1.1276 -0.0277, 1.5551 1.1276 -0.0277, 1.3976 1.1525 -0.0364, 1.5551 1.1525 -0.0364, 1.5551 -0.7283 0.315, 1.5551 0.9117 0.315, 1.5473 -0.7283 0.315, 1.538 -0.7283 0.315, 1.3976 0.9117 0.315, 1.3976 -0.7283 0.315, 1.4055 -0.7283 0.315, 1.5551 1.1206 0.2146, 1.3976 1.1206 0.2146, 1.3976 1.0782 0.2568, 1.5551 1.0782 0.2568, 1.3976 1.0276 0.2886, 1.5551 1.0276 0.2886, 1.3976 0.9711 0.3083, 1.5551 0.9711 0.3083, 1.5551 1.1833 0.1362, 1.3976 1.1833 0.1362, 1.5551 1.2209 0.1181, 1.3976 1.2209 0.1181, 1.5551 1.2102 0.1193, 1.3976 1.2102 0.1193, 1.5551 1.2 0.1229, 1.3976 1.2 0.1229, 1.5551 1.1909 0.1286, 1.3976 1.1909 0.1286, 1.5551 0.9976 0.1162, 1.3976 0.9976 0.1162, -1.4173 -1.5551 -0.0197, -1.4129 -1.5546 -0.0241, -1.4173 -1.5551 0.0984, -1.413 -1.5545 0.1028, -1.4122 -1.5544 0.1035, -1.4123 -1.5544 -0.0248, -1.4088 -1.553 0.1069, -1.4088 -1.5532 -0.0282, -1.4075 -1.5525 0.1083, -1.4075 -1.5524 -0.0295, -1.4052 -1.5507 0.1106, -1.405 -1.5508 -0.032, -1.4034 -1.5494 0.1123, -1.4035 -1.5493 -0.0335, -1.4019 -1.5477 0.1138, -1.4019 -1.5477 -0.0351, -1.4004 -1.5452 -0.0366, -1.4004 -1.5452 0.1154, -1.3996 -1.544 -0.0374, -1.3996 -1.544 0.1162, -1.3983 -1.5405 -0.0387, -1.3983 -1.5405 0.1174, -1.3982 -1.5398 -0.0388, -1.3981 -1.5398 0.1176, -1.3978 -1.5376 -0.0392, -1.3978 -1.5376 0.118, -1.3976 -1.5354 -0.0394, -1.3976 -1.5354 0.1181, -1.5551 -1.5354 0.1181, -1.5551 -1.5354 -0.0394, -1.555 -1.5376 -0.0392, -1.555 -1.5376 0.118, -1.5546 -1.5398 -0.0389, -1.5546 -1.5398 0.1176, -1.5544 -1.5405 -0.0387, -1.5544 -1.5405 0.1174, -1.5532 -1.544 -0.0374, -1.5532 -1.544 0.1162, -1.5524 -1.5452 0.1154, -1.5524 -1.5452 -0.0366, -1.5508 -1.5477 0.1138, -1.5508 -1.5477 -0.0351, -1.5493 -1.5493 0.1123, -1.5494 -1.5494 -0.0336, -1.5477 -1.5508 0.1107, -1.5476 -1.5507 -0.0319, -1.5452 -1.5524 0.1082, -1.5453 -1.5525 -0.0295, -1.544 -1.5532 0.107, -1.5439 -1.553 -0.0282, -1.5405 -1.5544 0.1035, -1.5405 -1.5544 -0.0248, -1.5398 -1.5546 0.1028, -1.5398 -1.5545 -0.0241, -1.5354 -1.5551 -0.0197, -1.5354 -1.5551 0.0984, -1.5551 -1.2943 0.1181, -1.3976 -1.2943 0.1181, -1.3976 -1.2506 0.1982, -1.5551 -1.2506 0.1982, -1.3976 -1.2402 0.2391, -1.5551 -1.2402 0.2391, -1.3976 -1.2428 0.218, -1.5551 -1.2428 0.218, -1.3976 -1.2402 0.7409, -1.5551 -1.2402 0.7409, -1.5551 -1.2415 0.7511, -1.3976 -1.2415 0.7511, -1.5551 -1.2454 0.7606, -1.3976 -1.2454 0.7606, -1.5551 -1.2517 0.7687, -1.3976 -1.2517 0.7687, -1.5551 -1.2598 0.775, -1.3976 -1.2598 0.775, -1.5551 -1.2693 0.7789, -1.3976 -1.2693 0.7789, -1.5551 -1.2795 0.7802, -1.3976 -1.2795 0.7802, -1.3976 -1.2883 0.7812, -1.5551 -1.2883 0.7812, -1.3976 -1.2966 0.7841, -1.5551 -1.2966 0.7841, -1.3976 -1.3041 0.7888, -1.5551 -1.3041 0.7888, -1.3976 -1.3103 0.7951, -1.5551 -1.3103 0.7951, -1.3976 -1.315 0.8025, -1.5551 -1.315 0.8025, -1.3976 -1.3179 0.8109, -1.5551 -1.3179 0.8109, -1.3976 -1.3189 0.8196, -1.5551 -1.3189 0.8196, -1.3976 -1.3189 1.5268, -1.5551 -1.3189 1.5268, -1.3976 -1.2795 1.5661, -1.5551 -1.2795 1.5661, -1.5551 -1.2897 1.5648, -1.3976 -1.2897 1.5648, -1.5551 -1.2992 1.5609, -1.3976 -1.2992 1.5609, -1.5551 -1.3074 1.5546, -1.3976 -1.3074 1.5546, -1.5551 -1.3136 1.5465, -1.3976 -1.3136 1.5465, -1.5551 -1.3176 1.537, -1.3976 -1.3176 1.537, -1.3976 -1.2402 1.6055, -1.5551 -1.2402 1.6055, -1.3976 -1.2415 1.5953, -1.5551 -1.2415 1.5953, -1.3976 -1.2454 1.5858, -1.5551 -1.2454 1.5858, -1.3976 -1.2517 1.5777, -1.5551 -1.2517 1.5777, -1.3976 -1.2598 1.5714, -1.5551 -1.2598 1.5714, -1.3976 -1.2693 1.5675, -1.5551 -1.2693 1.5675, -1.5551 -1.2402 2.3425, -1.3976 -1.2402 2.3425, -1.3976 -1.1123 0.1228, -1.3976 -1.1857 -0.0116, -1.5551 -1.1123 0.1228, -1.5551 -1.1857 -0.0116, -1.3976 -1.2324 -0.0394, -1.5551 -1.2324 -0.0394, -1.5551 -1.2211 -0.0382, -1.3976 -1.2211 -0.0382, -1.5551 -1.2103 -0.0346, -1.3976 -1.2103 -0.0346, -1.5551 -1.2005 -0.0288, -1.3976 -1.2005 -0.0288, -1.5551 -1.1922 -0.021, -1.3976 -1.1922 -0.021, -0.8268 -1.5551 -0.0197, -0.8224 -1.5546 -0.0241, -0.8268 -1.5551 0.0984, -0.8224 -1.5545 0.1028, -0.8217 -1.5544 0.1035, -0.8217 -1.5544 -0.0248, -0.8183 -1.553 0.1069, -0.8182 -1.5532 -0.0282, -0.8169 -1.5525 0.1083, -0.817 -1.5524 -0.0295, -0.8146 -1.5507 0.1106, -0.8145 -1.5508 -0.032, -0.8129 -1.5494 0.1123, -0.8129 -1.5493 -0.0335, -0.8114 -1.5477 0.1138, -0.8114 -1.5477 -0.0351, -0.8098 -1.5452 0.1154, -0.8098 -1.5452 -0.0366, -0.809 -1.544 0.1162, -0.809 -1.544 -0.0374, -0.8078 -1.5405 -0.0387, -0.8078 -1.5405 0.1174, -0.8076 -1.5398 -0.0388, -0.8076 -1.5398 0.1176, -0.8072 -1.5376 -0.0392, -0.8072 -1.5376 0.118, -0.8071 -1.5354 -0.0394, -0.8071 -1.5354 0.1181, -0.9646 -1.5354 0.1181, -0.9646 -1.5354 -0.0394, -0.9644 -1.5376 -0.0392, -0.9644 -1.5376 0.118, -0.9641 -1.5398 -0.0389, -0.964 -1.5398 0.1176, -0.9639 -1.5405 -0.0387, -0.9639 -1.5405 0.1174, -0.9626 -1.544 -0.0374, -0.9626 -1.544 0.1162, -0.9618 -1.5452 0.1154, -0.9618 -1.5452 -0.0366, -0.9603 -1.5477 0.1138, -0.9603 -1.5477 -0.0351, -0.9587 -1.5493 0.1123, -0.9588 -1.5494 -0.0336, -0.9572 -1.5508 0.1107, -0.9571 -1.5507 -0.0319, -0.9547 -1.5524 0.1082, -0.9547 -1.5525 -0.0295, -0.9534 -1.5532 0.107, -0.9534 -1.553 -0.0282, -0.95 -1.5544 0.1035, -0.95 -1.5544 -0.0248, -0.9493 -1.5546 0.1028, -0.9492 -1.5545 -0.0241, -0.9449 -1.5551 -0.0197, -0.9449 -1.5551 0.0984, -0.9646 -1.2943 0.1181, -0.8071 -1.2943 0.1181, -0.8071 -1.2506 0.1982, -0.9646 -1.2506 0.1982, -0.8071 -1.2402 0.2391, -0.9646 -1.2402 0.2391, -0.8071 -1.2428 0.218, -0.9646 -1.2428 0.218, -0.8071 -1.2402 0.7409, -0.9646 -1.2402 0.7409, -0.9646 -1.2415 0.7511, -0.8071 -1.2415 0.7511, -0.9646 -1.2454 0.7606, -0.8071 -1.2454 0.7606, -0.9646 -1.2517 0.7687, -0.8071 -1.2517 0.7687, -0.9646 -1.2598 0.775, -0.8071 -1.2598 0.775, -0.9646 -1.2693 0.7789, -0.8071 -1.2693 0.7789, -0.9646 -1.2795 0.7802, -0.8071 -1.2795 0.7802, -0.8071 -1.2883 0.7812, -0.9646 -1.2883 0.7812, -0.8071 -1.2966 0.7841, -0.9646 -1.2966 0.7841, -0.8071 -1.3041 0.7888, -0.9646 -1.3041 0.7888, -0.8071 -1.3103 0.7951, -0.9646 -1.3103 0.7951, -0.8071 -1.315 0.8025, -0.9646 -1.315 0.8025, -0.8071 -1.3179 0.8109, -0.9646 -1.3179 0.8109, -0.8071 -1.3189 0.8196, -0.9646 -1.3189 0.8196, -0.8071 -1.3189 1.5268, -0.9646 -1.3189 1.5268, -0.8071 -1.2795 1.5661, -0.9646 -1.2795 1.5661, -0.9646 -1.2897 1.5648, -0.8071 -1.2897 1.5648, -0.9646 -1.2992 1.5609, -0.8071 -1.2992 1.5609, -0.9646 -1.3074 1.5546, -0.8071 -1.3074 1.5546, -0.9646 -1.3136 1.5465, -0.8071 -1.3136 1.5465, -0.9646 -1.3176 1.537, -0.8071 -1.3176 1.537, -0.8071 -1.2402 1.6055, -0.9646 -1.2402 1.6055, -0.8071 -1.2415 1.5953, -0.9646 -1.2415 1.5953, -0.8071 -1.2454 1.5858, -0.9646 -1.2454 1.5858, -0.8071 -1.2517 1.5777, -0.9646 -1.2517 1.5777, -0.8071 -1.2598 1.5714, -0.9646 -1.2598 1.5714, -0.8071 -1.2693 1.5675, -0.9646 -1.2693 1.5675, -0.9646 -1.2402 2.3425, -0.8071 -1.2402 2.3425, -0.8071 -1.1123 0.1228, -0.8071 -1.1857 -0.0116, -0.9646 -1.1123 0.1228, -0.9646 -1.1857 -0.0116, -0.8071 -1.2324 -0.0394, -0.9646 -1.2324 -0.0394, -0.9646 -1.2211 -0.0382, -0.8071 -1.2211 -0.0382, -0.9646 -1.2103 -0.0346, -0.8071 -1.2103 -0.0346, -0.9646 -1.2005 -0.0288, -0.8071 -1.2005 -0.0288, -0.9646 -1.1922 -0.021, -0.8071 -1.1922 -0.021, -0.2362 -1.5551 -0.0197, -0.2318 -1.5546 -0.0241, -0.2362 -1.5551 0.0984, -0.2319 -1.5545 0.1028, -0.2311 -1.5544 0.1035, -0.2311 -1.5544 -0.0248, -0.2277 -1.553 0.1069, -0.2277 -1.5532 -0.0282, -0.2264 -1.5525 0.1083, -0.2264 -1.5524 -0.0295, -0.224 -1.5507 0.1106, -0.2239 -1.5508 -0.032, -0.2223 -1.5494 0.1123, -0.2224 -1.5493 -0.0335, -0.2208 -1.5477 0.1138, -0.2208 -1.5477 -0.0351, -0.2193 -1.5452 -0.0366, -0.2193 -1.5452 0.1154, -0.2185 -1.544 -0.0374, -0.2185 -1.544 0.1162, -0.2172 -1.5405 -0.0387, -0.2172 -1.5405 0.1174, -0.2171 -1.5398 -0.0388, -0.217 -1.5398 0.1176, -0.2167 -1.5376 -0.0392, -0.2167 -1.5376 0.118, -0.2165 -1.5354 -0.0394, -0.2165 -1.5354 0.1181, -0.374 -1.5354 0.1181, -0.374 -1.5354 -0.0394, -0.3739 -1.5376 -0.0392, -0.3739 -1.5376 0.118, -0.3735 -1.5398 -0.0389, -0.3735 -1.5398 0.1176, -0.3733 -1.5405 -0.0387, -0.3733 -1.5405 0.1174, -0.3721 -1.544 -0.0374, -0.3721 -1.544 0.1162, -0.3713 -1.5452 0.1154, -0.3713 -1.5452 -0.0366, -0.3697 -1.5477 0.1138, -0.3697 -1.5477 -0.0351, -0.3682 -1.5493 0.1123, -0.3683 -1.5494 -0.0336, -0.3666 -1.5508 0.1107, -0.3665 -1.5507 -0.0319, -0.3641 -1.5524 0.1082, -0.3642 -1.5525 -0.0295, -0.3629 -1.5532 0.107, -0.3628 -1.553 -0.0282, -0.3594 -1.5544 0.1035, -0.3594 -1.5544 -0.0248, -0.3587 -1.5546 0.1028, -0.3587 -1.5545 -0.0241, -0.3543 -1.5551 -0.0197, -0.3543 -1.5551 0.0984, -0.374 -1.2943 0.1181, -0.2165 -1.2943 0.1181, -0.2165 -1.2506 0.1982, -0.374 -1.2506 0.1982, -0.2165 -1.2402 0.2391, -0.374 -1.2402 0.2391, -0.2165 -1.2428 0.218, -0.374 -1.2428 0.218, -0.2165 -1.2402 0.7409, -0.374 -1.2402 0.7409, -0.374 -1.2415 0.7511, -0.2165 -1.2415 0.7511, -0.374 -1.2454 0.7606, -0.2165 -1.2454 0.7606, -0.374 -1.2517 0.7687, -0.2165 -1.2517 0.7687, -0.374 -1.2598 0.775, -0.2165 -1.2598 0.775, -0.374 -1.2693 0.7789, -0.2165 -1.2693 0.7789, -0.374 -1.2795 0.7802, -0.2165 -1.2795 0.7802, -0.2165 -1.2883 0.7812, -0.374 -1.2883 0.7812, -0.2165 -1.2966 0.7841, -0.374 -1.2966 0.7841, -0.2165 -1.3041 0.7888, -0.374 -1.3041 0.7888, -0.2165 -1.3103 0.7951, -0.374 -1.3103 0.7951, -0.2165 -1.315 0.8025, -0.374 -1.315 0.8025, -0.2165 -1.3179 0.8109, -0.374 -1.3179 0.8109, -0.2165 -1.3189 0.8196, -0.374 -1.3189 0.8196, -0.2165 -1.3189 1.5268, -0.374 -1.3189 1.5268, -0.2165 -1.2795 1.5661, -0.374 -1.2795 1.5661, -0.374 -1.2897 1.5648, -0.2165 -1.2897 1.5648, -0.374 -1.2992 1.5609, -0.2165 -1.2992 1.5609, -0.374 -1.3074 1.5546, -0.2165 -1.3074 1.5546, -0.374 -1.3136 1.5465, -0.2165 -1.3136 1.5465, -0.374 -1.3176 1.537, -0.2165 -1.3176 1.537, -0.2165 -1.2402 1.6055, -0.374 -1.2402 1.6055, -0.2165 -1.2415 1.5953, -0.374 -1.2415 1.5953, -0.2165 -1.2454 1.5858, -0.374 -1.2454 1.5858, -0.2165 -1.2517 1.5777, -0.374 -1.2517 1.5777, -0.2165 -1.2598 1.5714, -0.374 -1.2598 1.5714, -0.2165 -1.2693 1.5675, -0.374 -1.2693 1.5675, -0.374 -1.2402 2.3425, -0.2165 -1.2402 2.3425, -0.2165 -1.1123 0.1228, -0.2165 -1.1857 -0.0116, -0.374 -1.1123 0.1228, -0.374 -1.1857 -0.0116, -0.2165 -1.2324 -0.0394, -0.374 -1.2324 -0.0394, -0.374 -1.2211 -0.0382, -0.2165 -1.2211 -0.0382, -0.374 -1.2103 -0.0346, -0.2165 -1.2103 -0.0346, -0.374 -1.2005 -0.0288, -0.2165 -1.2005 -0.0288, -0.374 -1.1922 -0.021, -0.2165 -1.1922 -0.021, 0.3543 -1.5551 -0.0197, 0.3587 -1.5546 -0.0241, 0.3543 -1.5551 0.0984, 0.3587 -1.5545 0.1028, 0.3594 -1.5544 0.1035, 0.3594 -1.5544 -0.0248, 0.3628 -1.553 0.1069, 0.3629 -1.5532 -0.0282, 0.3642 -1.5525 0.1083, 0.3641 -1.5524 -0.0295, 0.3665 -1.5507 0.1106, 0.3666 -1.5508 -0.032, 0.3683 -1.5494 0.1123, 0.3682 -1.5493 -0.0335, 0.3697 -1.5477 0.1138, 0.3697 -1.5477 -0.0351, 0.3713 -1.5452 -0.0366, 0.3713 -1.5452 0.1154, 0.3721 -1.544 -0.0374, 0.3721 -1.544 0.1162, 0.3733 -1.5405 -0.0387, 0.3733 -1.5405 0.1174, 0.3735 -1.5398 -0.0388, 0.3735 -1.5398 0.1176, 0.3739 -1.5376 -0.0392, 0.3739 -1.5376 0.118, 0.374 -1.5354 -0.0394, 0.374 -1.5354 0.1181, 0.2165 -1.5354 0.1181, 0.2165 -1.5354 -0.0394, 0.2167 -1.5376 -0.0392, 0.2167 -1.5376 0.118, 0.217 -1.5398 -0.0389, 0.2171 -1.5398 0.1176, 0.2172 -1.5405 -0.0387, 0.2172 -1.5405 0.1174, 0.2185 -1.544 -0.0374, 0.2185 -1.544 0.1162, 0.2193 -1.5452 0.1154, 0.2193 -1.5452 -0.0366, 0.2208 -1.5477 0.1138, 0.2208 -1.5477 -0.0351, 0.2224 -1.5493 0.1123, 0.2223 -1.5494 -0.0336, 0.2239 -1.5508 0.1107, 0.224 -1.5507 -0.0319, 0.2264 -1.5524 0.1082, 0.2264 -1.5525 -0.0295, 0.2277 -1.5532 0.107, 0.2277 -1.553 -0.0282, 0.2311 -1.5544 0.1035, 0.2311 -1.5544 -0.0248, 0.2318 -1.5546 0.1028, 0.2319 -1.5545 -0.0241, 0.2362 -1.5551 -0.0197, 0.2362 -1.5551 0.0984, 0.2165 -1.2943 0.1181, 0.374 -1.2943 0.1181, 0.374 -1.2506 0.1982, 0.2165 -1.2506 0.1982, 0.374 -1.2402 0.2391, 0.2165 -1.2402 0.2391, 0.374 -1.2428 0.218, 0.2165 -1.2428 0.218, 0.374 -1.2402 0.7409, 0.2165 -1.2402 0.7409, 0.2165 -1.2415 0.7511, 0.374 -1.2415 0.7511, 0.2165 -1.2454 0.7606, 0.374 -1.2454 0.7606, 0.2165 -1.2517 0.7687, 0.374 -1.2517 0.7687, 0.2165 -1.2598 0.775, 0.374 -1.2598 0.775, 0.2165 -1.2693 0.7789, 0.374 -1.2693 0.7789, 0.2165 -1.2795 0.7802, 0.374 -1.2795 0.7802, 0.374 -1.2883 0.7812, 0.2165 -1.2883 0.7812, 0.374 -1.2966 0.7841, 0.2165 -1.2966 0.7841, 0.374 -1.3041 0.7888, 0.2165 -1.3041 0.7888, 0.374 -1.3103 0.7951, 0.2165 -1.3103 0.7951, 0.374 -1.315 0.8025, 0.2165 -1.315 0.8025, 0.374 -1.3179 0.8109, 0.2165 -1.3179 0.8109, 0.374 -1.3189 0.8196, 0.2165 -1.3189 0.8196, 0.374 -1.3189 1.5268, 0.2165 -1.3189 1.5268, 0.374 -1.2795 1.5661, 0.2165 -1.2795 1.5661, 0.2165 -1.2897 1.5648, 0.374 -1.2897 1.5648, 0.2165 -1.2992 1.5609, 0.374 -1.2992 1.5609, 0.2165 -1.3074 1.5546, 0.374 -1.3074 1.5546, 0.2165 -1.3136 1.5465, 0.374 -1.3136 1.5465, 0.2165 -1.3176 1.537, 0.374 -1.3176 1.537, 0.374 -1.2402 1.6055, 0.2165 -1.2402 1.6055, 0.374 -1.2415 1.5953, 0.2165 -1.2415 1.5953, 0.374 -1.2454 1.5858, 0.2165 -1.2454 1.5858, 0.374 -1.2517 1.5777, 0.2165 -1.2517 1.5777, 0.374 -1.2598 1.5714, 0.2165 -1.2598 1.5714, 0.374 -1.2693 1.5675, 0.2165 -1.2693 1.5675, 0.2165 -1.2402 2.3425, 0.374 -1.2402 2.3425, 0.374 -1.1123 0.1228, 0.374 -1.1857 -0.0116, 0.2165 -1.1123 0.1228, 0.2165 -1.1857 -0.0116, 0.374 -1.2324 -0.0394, 0.2165 -1.2324 -0.0394, 0.2165 -1.2211 -0.0382, 0.374 -1.2211 -0.0382, 0.2165 -1.2103 -0.0346, 0.374 -1.2103 -0.0346, 0.2165 -1.2005 -0.0288, 0.374 -1.2005 -0.0288, 0.2165 -1.1922 -0.021, 0.374 -1.1922 -0.021, 0.9449 -1.5551 -0.0197, 0.9493 -1.5546 -0.0241, 0.9449 -1.5551 0.0984, 0.9492 -1.5545 0.1028, 0.95 -1.5544 0.1035, 0.95 -1.5544 -0.0248, 0.9534 -1.553 0.1069, 0.9534 -1.5532 -0.0282, 0.9547 -1.5525 0.1083, 0.9547 -1.5524 -0.0295, 0.9571 -1.5507 0.1106, 0.9572 -1.5508 -0.032, 0.9588 -1.5494 0.1123, 0.9587 -1.5493 -0.0335, 0.9603 -1.5477 0.1138, 0.9603 -1.5477 -0.0351, 0.9618 -1.5452 0.1154, 0.9618 -1.5452 -0.0366, 0.9626 -1.544 0.1162, 0.9626 -1.544 -0.0374, 0.9639 -1.5405 -0.0387, 0.9639 -1.5405 0.1174, 0.964 -1.5398 -0.0388, 0.9641 -1.5398 0.1176, 0.9644 -1.5376 -0.0392, 0.9644 -1.5376 0.118, 0.9646 -1.5354 -0.0394, 0.9646 -1.5354 0.1181, 0.8071 -1.5354 0.1181, 0.8071 -1.5354 -0.0394, 0.8072 -1.5376 -0.0392, 0.8072 -1.5376 0.118, 0.8076 -1.5398 -0.0389, 0.8076 -1.5398 0.1176, 0.8078 -1.5405 -0.0387, 0.8078 -1.5405 0.1174, 0.809 -1.544 -0.0374, 0.809 -1.544 0.1162, 0.8098 -1.5452 -0.0366, 0.8098 -1.5452 0.1154, 0.8114 -1.5477 -0.0351, 0.8114 -1.5477 0.1138, 0.8129 -1.5493 0.1123, 0.8129 -1.5494 -0.0336, 0.8145 -1.5508 0.1107, 0.8146 -1.5507 -0.0319, 0.817 -1.5524 0.1082, 0.8169 -1.5525 -0.0295, 0.8182 -1.5532 0.107, 0.8183 -1.553 -0.0282, 0.8217 -1.5544 0.1035, 0.8217 -1.5544 -0.0248, 0.8224 -1.5546 0.1028, 0.8224 -1.5545 -0.0241, 0.8268 -1.5551 -0.0197, 0.8268 -1.5551 0.0984, 0.8071 -1.2943 0.1181, 0.9646 -1.2943 0.1181, 0.9646 -1.2506 0.1982, 0.8071 -1.2506 0.1982, 0.9646 -1.2402 0.2391, 0.8071 -1.2402 0.2391, 0.9646 -1.2428 0.218, 0.8071 -1.2428 0.218, 0.9646 -1.2402 0.7409, 0.8071 -1.2402 0.7409, 0.8071 -1.2415 0.7511, 0.9646 -1.2415 0.7511, 0.8071 -1.2454 0.7606, 0.9646 -1.2454 0.7606, 0.8071 -1.2517 0.7687, 0.9646 -1.2517 0.7687, 0.8071 -1.2598 0.775, 0.9646 -1.2598 0.775, 0.8071 -1.2693 0.7789, 0.9646 -1.2693 0.7789, 0.8071 -1.2795 0.7802, 0.9646 -1.2795 0.7802, 0.9646 -1.2883 0.7812, 0.8071 -1.2883 0.7812, 0.9646 -1.2966 0.7841, 0.8071 -1.2966 0.7841, 0.9646 -1.3041 0.7888, 0.8071 -1.3041 0.7888, 0.9646 -1.3103 0.7951, 0.8071 -1.3103 0.7951, 0.9646 -1.315 0.8025, 0.8071 -1.315 0.8025, 0.9646 -1.3179 0.8109, 0.8071 -1.3179 0.8109, 0.9646 -1.3189 0.8196, 0.8071 -1.3189 0.8196, 0.9646 -1.3189 1.5268, 0.8071 -1.3189 1.5268, 0.9646 -1.2795 1.5661, 0.8071 -1.2795 1.5661, 0.8071 -1.2897 1.5648, 0.9646 -1.2897 1.5648, 0.8071 -1.2992 1.5609, 0.9646 -1.2992 1.5609, 0.8071 -1.3074 1.5546, 0.9646 -1.3074 1.5546, 0.8071 -1.3136 1.5465, 0.9646 -1.3136 1.5465, 0.8071 -1.3176 1.537, 0.9646 -1.3176 1.537, 0.9646 -1.2402 1.6055, 0.8071 -1.2402 1.6055, 0.9646 -1.2415 1.5953, 0.8071 -1.2415 1.5953, 0.9646 -1.2454 1.5858, 0.8071 -1.2454 1.5858, 0.9646 -1.2517 1.5777, 0.8071 -1.2517 1.5777, 0.9646 -1.2598 1.5714, 0.8071 -1.2598 1.5714, 0.9646 -1.2693 1.5675, 0.8071 -1.2693 1.5675, 0.8071 -1.2402 2.3425, 0.9646 -1.2402 2.3425, 0.9646 -1.1123 0.1228, 0.9646 -1.1857 -0.0116, 0.8071 -1.1123 0.1228, 0.8071 -1.1857 -0.0116, 0.9646 -1.2324 -0.0394, 0.8071 -1.2324 -0.0394, 0.8071 -1.2211 -0.0382, 0.9646 -1.2211 -0.0382, 0.8071 -1.2103 -0.0346, 0.9646 -1.2103 -0.0346, 0.8071 -1.2005 -0.0288, 0.9646 -1.2005 -0.0288, 0.8071 -1.1922 -0.021, 0.9646 -1.1922 -0.021, 1.5354 -1.5551 -0.0197, 1.5398 -1.5546 -0.0241, 1.5354 -1.5551 0.0984, 1.5398 -1.5545 0.1028, 1.5405 -1.5544 0.1035, 1.5405 -1.5544 -0.0248, 1.5439 -1.553 0.1069, 1.544 -1.5532 -0.0282, 1.5453 -1.5525 0.1083, 1.5452 -1.5524 -0.0295, 1.5476 -1.5507 0.1106, 1.5477 -1.5508 -0.032, 1.5494 -1.5494 0.1123, 1.5493 -1.5493 -0.0335, 1.5508 -1.5477 0.1138, 1.5508 -1.5477 -0.0351, 1.5524 -1.5452 0.1154, 1.5524 -1.5452 -0.0366, 1.5532 -1.544 0.1162, 1.5532 -1.544 -0.0374, 1.5544 -1.5405 -0.0387, 1.5544 -1.5405 0.1174, 1.5546 -1.5398 -0.0388, 1.5546 -1.5398 0.1176, 1.555 -1.5376 -0.0392, 1.555 -1.5376 0.118, 1.5551 -1.5354 -0.0394, 1.5551 -1.5354 0.1181, 1.3976 -1.5354 0.1181, 1.3976 -1.5354 -0.0394, 1.3978 -1.5376 -0.0392, 1.3978 -1.5376 0.118, 1.3981 -1.5398 -0.0389, 1.3982 -1.5398 0.1176, 1.3983 -1.5405 -0.0387, 1.3983 -1.5405 0.1174, 1.3996 -1.544 -0.0374, 1.3996 -1.544 0.1162, 1.4004 -1.5452 -0.0366, 1.4004 -1.5452 0.1154, 1.4019 -1.5477 -0.0351, 1.4019 -1.5477 0.1138, 1.4035 -1.5493 0.1123, 1.4034 -1.5494 -0.0336, 1.405 -1.5508 0.1107, 1.4052 -1.5507 -0.0319, 1.4075 -1.5524 0.1082, 1.4075 -1.5525 -0.0295, 1.4088 -1.5532 0.107, 1.4088 -1.553 -0.0282, 1.4123 -1.5544 0.1035, 1.4122 -1.5544 -0.0248, 1.4129 -1.5546 0.1028, 1.413 -1.5545 -0.0241, 1.4173 -1.5551 -0.0197, 1.4173 -1.5551 0.0984, 1.3976 -1.2943 0.1181, 1.5551 -1.2943 0.1181, 1.5551 -1.2506 0.1982, 1.3976 -1.2506 0.1982, 1.5551 -1.2402 0.2391, 1.3976 -1.2402 0.2391, 1.5551 -1.2428 0.218, 1.3976 -1.2428 0.218, 1.5551 -1.2402 0.7409, 1.3976 -1.2402 0.7409, 1.3976 -1.2415 0.7511, 1.5551 -1.2415 0.7511, 1.3976 -1.2454 0.7606, 1.5551 -1.2454 0.7606, 1.3976 -1.2517 0.7687, 1.5551 -1.2517 0.7687, 1.3976 -1.2598 0.775, 1.5551 -1.2598 0.775, 1.3976 -1.2693 0.7789, 1.5551 -1.2693 0.7789, 1.3976 -1.2795 0.7802, 1.5551 -1.2795 0.7802, 1.5551 -1.2883 0.7812, 1.3976 -1.2883 0.7812, 1.5551 -1.2966 0.7841, 1.3976 -1.2966 0.7841, 1.5551 -1.3041 0.7888, 1.3976 -1.3041 0.7888, 1.5551 -1.3103 0.7951, 1.3976 -1.3103 0.7951, 1.5551 -1.315 0.8025, 1.3976 -1.315 0.8025, 1.5551 -1.3179 0.8109, 1.3976 -1.3179 0.8109, 1.5551 -1.3189 0.8196, 1.3976 -1.3189 0.8196, 1.5551 -1.3189 1.5268, 1.3976 -1.3189 1.5268, 1.5551 -1.2795 1.5661, 1.3976 -1.2795 1.5661, 1.3976 -1.2897 1.5648, 1.5551 -1.2897 1.5648, 1.3976 -1.2992 1.5609, 1.5551 -1.2992 1.5609, 1.3976 -1.3074 1.5546, 1.5551 -1.3074 1.5546, 1.3976 -1.3136 1.5465, 1.5551 -1.3136 1.5465, 1.3976 -1.3176 1.537, 1.5551 -1.3176 1.537, 1.5551 -1.2402 1.6055, 1.3976 -1.2402 1.6055, 1.5551 -1.2415 1.5953, 1.3976 -1.2415 1.5953, 1.5551 -1.2454 1.5858, 1.3976 -1.2454 1.5858, 1.5551 -1.2517 1.5777, 1.3976 -1.2517 1.5777, 1.5551 -1.2598 1.5714, 1.3976 -1.2598 1.5714, 1.5551 -1.2693 1.5675, 1.3976 -1.2693 1.5675, 1.3976 -1.2402 2.3425, 1.5551 -1.2402 2.3425, 1.5551 -1.1123 0.1228, 1.5551 -1.1857 -0.0116, 1.3976 -1.1123 0.1228, 1.3976 -1.1857 -0.0116, 1.5551 -1.2324 -0.0394, 1.3976 -1.2324 -0.0394, 1.3976 -1.2211 -0.0382, 1.5551 -1.2211 -0.0382, 1.3976 -1.2103 -0.0346, 1.5551 -1.2103 -0.0346, 1.3976 -1.2005 -0.0288, 1.5551 -1.2005 -0.0288, 1.3976 -1.1922 -0.021, 1.5551 -1.1922 -0.021, 1.5551 -1.1922 -0.021
            ]
        }
        coordIndex [
            0,1,2,-1,2,1,3,-1,4,5,3,-1,3,5,6,-1,3,6,2,-1,5,7,8,-1,4,9,5,-1,5,9,10,-1,5,10,11,-1,12,13,14,-1,14,13,15,-1,14,15,8,-1,8,15,16,-1,8,16,5,-1,11,17,5,-1,5,17,18,-1,5,18,7,-1,19,20,21,-1,19,21,22,-1,22,21,23,-1,22,23,24,-1,24,23,25,-1,24,25,26,-1,26,25,27,-1,26,27,28,-1,28,27,29,-1,28,29,30,-1,30,29,31,-1,30,31,32,-1,33,34,35,-1,33,35,36,-1,36,35,37,-1,36,37,38,-1,38,37,39,-1,38,39,40,-1,40,39,41,-1,40,41,42,-1,42,41,32,-1,42,32,31,-1,34,33,43,-1,43,33,44,-1,45,20,46,-1,46,20,19,-1,46,19,47,-1,48,49,50,-1,48,50,51,-1,51,50,52,-1,51,52,53,-1,53,52,54,-1,53,54,55,-1,55,54,56,-1,55,56,57,-1,57,56,58,-1,57,58,59,-1,59,58,60,-1,59,60,61,-1,62,63,64,-1,62,64,65,-1,65,64,66,-1,65,66,67,-1,67,66,68,-1,67,68,69,-1,69,68,70,-1,69,70,71,-1,71,70,61,-1,71,61,60,-1,63,62,72,-1,72,62,73,-1,74,49,75,-1,75,49,48,-1,75,48,76,-1,77,78,79,-1,77,79,80,-1,80,79,81,-1,80,81,82,-1,82,81,83,-1,82,83,84,-1,84,83,85,-1,84,85,86,-1,86,85,87,-1,86,87,88,-1,88,87,89,-1,88,89,90,-1,91,92,93,-1,91,93,94,-1,94,93,95,-1,94,95,96,-1,96,95,97,-1,96,97,98,-1,98,97,99,-1,98,99,100,-1,100,99,90,-1,100,90,89,-1,92,91,101,-1,101,91,102,-1,103,78,104,-1,104,78,77,-1,104,77,105,-1,106,107,108,-1,106,108,109,-1,109,108,110,-1,109,110,111,-1,111,110,112,-1,111,112,113,-1,113,112,114,-1,113,114,115,-1,115,114,116,-1,115,116,117,-1,117,116,118,-1,117,118,119,-1,120,121,122,-1,120,122,123,-1,123,122,124,-1,123,124,125,-1,125,124,126,-1,125,126,127,-1,127,126,128,-1,127,128,129,-1,129,128,119,-1,129,119,118,-1,121,120,130,-1,130,120,131,-1,107,106,132,-1,132,106,133,-1,134,135,136,-1,134,136,137,-1,137,136,138,-1,137,138,139,-1,139,138,140,-1,139,140,141,-1,141,140,142,-1,141,142,143,-1,143,142,144,-1,143,144,145,-1,145,144,146,-1,145,146,147,-1,148,149,150,-1,148,150,151,-1,151,150,152,-1,151,152,153,-1,153,152,154,-1,153,154,155,-1,155,154,156,-1,155,156,157,-1,157,156,147,-1,157,147,146,-1,149,148,158,-1,158,148,159,-1,160,135,161,-1,161,135,134,-1,161,134,162,-1,163,164,165,-1,163,165,166,-1,166,165,167,-1,166,167,168,-1,168,167,169,-1,168,169,170,-1,170,169,171,-1,170,171,172,-1,172,171,173,-1,172,173,174,-1,174,173,175,-1,174,175,176,-1,177,178,179,-1,177,179,180,-1,180,179,181,-1,180,181,182,-1,182,181,183,-1,182,183,184,-1,184,183,185,-1,184,185,186,-1,186,185,176,-1,186,176,175,-1,178,177,187,-1,187,177,188,-1,189,164,190,-1,190,164,163,-1,190,163,191,-1,192,193,194,-1,192,194,195,-1,195,194,196,-1,195,196,197,-1,197,196,198,-1,197,198,199,-1,199,198,200,-1,199,200,201,-1,201,200,202,-1,201,202,203,-1,203,202,204,-1,203,204,205,-1,205,204,206,-1,206,204,207,-1,206,207,208,-1,208,207,209,-1,208,209,210,-1,210,209,211,-1,210,211,212,-1,212,211,213,-1,212,213,214,-1,214,213,215,-1,214,215,216,-1,215,217,216,-1,216,217,218,-1,216,218,219,-1,220,221,222,-1,222,221,223,-1,223,221,224,-1,224,221,225,-1,224,225,226,-1,226,225,227,-1,226,227,228,-1,228,227,229,-1,228,229,230,-1,230,229,231,-1,230,231,232,-1,232,231,233,-1,232,233,234,-1,234,233,235,-1,234,235,236,-1,236,235,237,-1,236,237,238,-1,237,239,238,-1,238,239,240,-1,238,240,241,-1,241,240,242,-1,241,242,243,-1,243,242,244,-1,243,244,245,-1,245,244,246,-1,245,246,247,-1,192,247,248,-1,248,247,249,-1,250,251,252,-1,250,252,253,-1,253,252,254,-1,253,254,255,-1,255,254,256,-1,255,256,257,-1,257,256,248,-1,257,248,249,-1,250,258,251,-1,251,258,259,-1,260,261,262,-1,260,262,263,-1,263,262,264,-1,263,264,265,-1,266,267,268,-1,266,268,269,-1,269,268,270,-1,269,270,271,-1,271,270,272,-1,271,272,273,-1,273,272,264,-1,273,264,262,-1,266,274,267,-1,267,274,275,-1,276,277,278,-1,278,277,279,-1,278,279,280,-1,280,279,281,-1,280,281,282,-1,282,281,283,-1,282,283,274,-1,274,283,275,-1,246,193,276,-1,276,193,277,-1,284,285,286,-1,286,285,287,-1,287,285,288,-1,288,285,289,-1,288,289,290,-1,290,289,291,-1,290,291,292,-1,292,291,293,-1,292,293,294,-1,294,293,295,-1,294,295,296,-1,296,295,297,-1,296,297,298,-1,298,297,299,-1,298,299,300,-1,300,299,301,-1,300,301,302,-1,301,303,302,-1,302,303,304,-1,302,304,305,-1,305,304,306,-1,305,306,307,-1,307,306,308,-1,307,308,309,-1,309,308,310,-1,309,310,311,-1,312,313,314,-1,312,314,315,-1,315,314,316,-1,315,316,317,-1,317,316,318,-1,317,318,319,-1,319,318,320,-1,319,320,321,-1,321,320,322,-1,321,322,323,-1,323,322,324,-1,323,324,325,-1,325,324,326,-1,326,324,327,-1,326,327,328,-1,328,327,329,-1,328,329,330,-1,330,329,331,-1,330,331,332,-1,332,331,333,-1,332,333,334,-1,334,333,335,-1,334,335,336,-1,335,337,336,-1,336,337,338,-1,336,338,339,-1,312,311,340,-1,340,311,341,-1,342,343,344,-1,342,344,345,-1,345,344,346,-1,345,346,347,-1,347,346,348,-1,347,348,349,-1,349,348,340,-1,349,340,341,-1,350,351,352,-1,352,351,353,-1,354,355,351,-1,351,355,356,-1,351,356,353,-1,357,358,359,-1,357,359,360,-1,360,359,361,-1,360,361,362,-1,362,361,363,-1,362,363,364,-1,364,363,354,-1,364,354,351,-1,357,365,358,-1,358,365,366,-1,367,368,369,-1,369,368,370,-1,369,370,371,-1,371,370,372,-1,371,372,373,-1,373,372,374,-1,373,374,365,-1,365,374,366,-1,310,313,367,-1,367,313,368,-1,342,375,343,-1,343,375,376,-1,377,378,379,-1,379,378,380,-1,380,378,381,-1,381,378,382,-1,381,382,383,-1,383,382,384,-1,383,384,385,-1,385,384,386,-1,385,386,387,-1,387,386,388,-1,387,388,389,-1,389,388,390,-1,389,390,391,-1,391,390,392,-1,391,392,393,-1,393,392,394,-1,393,394,395,-1,394,396,395,-1,395,396,397,-1,395,397,398,-1,398,397,399,-1,398,399,400,-1,400,399,401,-1,400,401,402,-1,402,401,403,-1,402,403,404,-1,405,406,407,-1,405,407,408,-1,408,407,409,-1,408,409,410,-1,410,409,411,-1,410,411,412,-1,412,411,413,-1,412,413,414,-1,414,413,415,-1,414,415,416,-1,416,415,417,-1,416,417,418,-1,418,417,419,-1,419,417,420,-1,419,420,421,-1,421,420,422,-1,421,422,423,-1,423,422,424,-1,423,424,425,-1,425,424,426,-1,425,426,427,-1,427,426,428,-1,427,428,429,-1,428,430,429,-1,429,430,431,-1,429,431,432,-1,405,404,433,-1,433,404,434,-1,435,436,437,-1,435,437,438,-1,438,437,439,-1,438,439,440,-1,440,439,441,-1,440,441,442,-1,442,441,433,-1,442,433,434,-1,443,444,445,-1,445,444,446,-1,447,448,444,-1,444,448,449,-1,444,449,446,-1,450,451,452,-1,450,452,453,-1,453,452,454,-1,453,454,455,-1,455,454,456,-1,455,456,457,-1,457,456,447,-1,457,447,444,-1,450,458,451,-1,451,458,459,-1,460,461,462,-1,462,461,463,-1,462,463,464,-1,464,463,465,-1,464,465,466,-1,466,465,467,-1,466,467,458,-1,458,467,459,-1,403,406,460,-1,460,406,461,-1,435,468,436,-1,436,468,469,-1,470,471,472,-1,472,471,473,-1,473,471,474,-1,474,471,475,-1,474,475,476,-1,476,475,477,-1,476,477,478,-1,478,477,479,-1,478,479,480,-1,480,479,481,-1,480,481,482,-1,482,481,483,-1,482,483,484,-1,484,483,485,-1,484,485,486,-1,486,485,487,-1,486,487,488,-1,487,489,488,-1,488,489,490,-1,488,490,491,-1,491,490,492,-1,491,492,493,-1,493,492,494,-1,493,494,495,-1,495,494,496,-1,495,496,497,-1,498,499,500,-1,498,500,501,-1,501,500,502,-1,501,502,503,-1,503,502,504,-1,503,504,505,-1,505,504,506,-1,505,506,507,-1,507,506,508,-1,507,508,509,-1,509,508,510,-1,509,510,511,-1,511,510,512,-1,512,510,513,-1,512,513,514,-1,514,513,515,-1,514,515,516,-1,516,515,517,-1,516,517,518,-1,518,517,519,-1,518,519,520,-1,520,519,521,-1,520,521,522,-1,521,523,522,-1,522,523,524,-1,522,524,525,-1,498,497,526,-1,526,497,527,-1,528,529,530,-1,528,530,531,-1,531,530,532,-1,531,532,533,-1,533,532,534,-1,533,534,535,-1,535,534,526,-1,535,526,527,-1,536,537,538,-1,538,537,539,-1,538,539,540,-1,541,542,543,-1,541,543,544,-1,544,543,545,-1,544,545,546,-1,546,545,547,-1,546,547,548,-1,548,547,539,-1,548,539,537,-1,541,549,542,-1,542,549,550,-1,551,552,553,-1,553,552,554,-1,553,554,555,-1,555,554,556,-1,555,556,557,-1,557,556,558,-1,557,558,549,-1,549,558,550,-1,496,499,551,-1,551,499,552,-1,528,559,529,-1,529,559,560,-1,561,562,563,-1,563,562,564,-1,564,562,565,-1,565,562,566,-1,565,566,567,-1,567,566,568,-1,567,568,569,-1,569,568,570,-1,569,570,571,-1,571,570,572,-1,571,572,573,-1,573,572,574,-1,573,574,575,-1,575,574,576,-1,575,576,577,-1,577,576,578,-1,577,578,579,-1,578,580,579,-1,579,580,581,-1,579,581,582,-1,582,581,583,-1,582,583,584,-1,584,583,585,-1,584,585,586,-1,586,585,587,-1,586,587,588,-1,589,590,591,-1,589,591,592,-1,592,591,593,-1,592,593,594,-1,594,593,595,-1,594,595,596,-1,596,595,597,-1,596,597,598,-1,598,597,599,-1,598,599,600,-1,600,599,601,-1,600,601,602,-1,602,601,603,-1,603,601,604,-1,603,604,605,-1,605,604,606,-1,605,606,607,-1,607,606,608,-1,607,608,609,-1,609,608,610,-1,609,610,611,-1,611,610,612,-1,611,612,613,-1,612,614,613,-1,613,614,615,-1,613,615,616,-1,589,588,617,-1,617,588,618,-1,619,620,621,-1,619,621,622,-1,622,621,623,-1,622,623,624,-1,624,623,625,-1,624,625,626,-1,626,625,617,-1,626,617,618,-1,627,628,629,-1,629,628,630,-1,631,632,628,-1,628,632,633,-1,628,633,630,-1,634,635,636,-1,634,636,637,-1,637,636,638,-1,637,638,639,-1,639,638,640,-1,639,640,641,-1,641,640,631,-1,641,631,628,-1,634,642,635,-1,635,642,643,-1,644,645,646,-1,646,645,647,-1,646,647,648,-1,648,647,649,-1,648,649,650,-1,650,649,651,-1,650,651,642,-1,642,651,643,-1,587,590,644,-1,644,590,645,-1,619,652,620,-1,620,652,653,-1,654,655,656,-1,656,655,657,-1,656,657,658,-1,659,660,661,-1,661,660,662,-1,661,662,663,-1,664,665,662,-1,658,657,662,-1,662,657,666,-1,662,666,664,-1,665,667,662,-1,662,667,668,-1,662,668,663,-1,659,661,669,-1,669,661,670,-1,669,670,671,-1,672,673,674,-1,674,673,675,-1,675,673,676,-1,676,673,677,-1,676,677,678,-1,678,677,679,-1,678,679,680,-1,680,679,681,-1,680,681,682,-1,682,681,683,-1,682,683,684,-1,684,683,685,-1,684,685,686,-1,686,685,687,-1,686,687,688,-1,688,687,689,-1,688,689,690,-1,689,691,690,-1,690,691,692,-1,690,692,693,-1,693,692,694,-1,693,694,695,-1,695,694,696,-1,695,696,697,-1,697,696,698,-1,697,698,699,-1,700,701,702,-1,700,702,703,-1,703,702,704,-1,703,704,705,-1,705,704,706,-1,705,706,707,-1,707,706,708,-1,707,708,709,-1,709,708,710,-1,709,710,711,-1,711,710,712,-1,711,712,713,-1,713,712,714,-1,714,712,715,-1,714,715,716,-1,716,715,717,-1,716,717,718,-1,718,717,719,-1,718,719,720,-1,720,719,721,-1,720,721,722,-1,722,721,723,-1,722,723,724,-1,723,725,724,-1,724,725,726,-1,724,726,727,-1,700,699,728,-1,728,699,729,-1,730,731,732,-1,730,732,733,-1,733,732,734,-1,733,734,735,-1,735,734,736,-1,735,736,737,-1,737,736,728,-1,737,728,729,-1,738,739,740,-1,740,739,741,-1,742,743,739,-1,739,743,744,-1,739,744,741,-1,745,746,747,-1,745,747,748,-1,748,747,749,-1,748,749,750,-1,750,749,751,-1,750,751,752,-1,752,751,742,-1,752,742,739,-1,745,753,746,-1,746,753,754,-1,755,756,757,-1,757,756,758,-1,757,758,759,-1,759,758,760,-1,759,760,761,-1,761,760,762,-1,761,762,753,-1,753,762,754,-1,698,701,755,-1,755,701,756,-1,730,763,731,-1,731,763,764,-1,765,766,767,-1,767,766,768,-1,768,766,769,-1,769,766,770,-1,769,770,771,-1,771,770,772,-1,771,772,773,-1,773,772,774,-1,773,774,775,-1,775,774,776,-1,775,776,777,-1,777,776,778,-1,777,778,779,-1,778,780,779,-1,779,780,781,-1,779,781,782,-1,782,781,783,-1,782,783,784,-1,784,783,785,-1,784,785,786,-1,786,785,787,-1,786,787,788,-1,788,787,789,-1,788,789,790,-1,790,789,791,-1,790,791,792,-1,793,794,795,-1,793,795,796,-1,796,795,797,-1,796,797,798,-1,798,797,799,-1,798,799,800,-1,800,799,801,-1,800,801,802,-1,802,801,803,-1,803,801,804,-1,803,804,805,-1,805,804,806,-1,805,806,807,-1,807,806,808,-1,807,808,809,-1,809,808,810,-1,809,810,811,-1,811,810,812,-1,811,812,813,-1,813,812,814,-1,813,814,815,-1,815,814,816,-1,815,816,817,-1,816,818,817,-1,817,818,819,-1,817,819,820,-1,793,792,821,-1,821,792,822,-1,822,823,821,-1,821,823,824,-1,825,826,827,-1,827,826,828,-1,827,828,823,-1,823,828,824,-1,829,830,825,-1,825,830,826,-1,830,829,831,-1,831,829,832,-1,831,832,833,-1,833,832,834,-1,833,834,835,-1,835,834,836,-1,835,836,837,-1,837,836,838,-1,837,838,839,-1,839,838,840,-1,839,840,841,-1,841,840,842,-1,841,842,843,-1,841,843,844,-1,844,843,845,-1,844,845,846,-1,846,845,847,-1,846,847,848,-1,848,847,849,-1,848,849,850,-1,850,849,851,-1,850,851,852,-1,852,851,853,-1,852,853,854,-1,854,853,855,-1,854,855,856,-1,857,858,855,-1,855,858,856,-1,859,860,861,-1,859,861,862,-1,862,861,863,-1,862,863,864,-1,864,863,865,-1,864,865,866,-1,866,865,867,-1,866,867,868,-1,868,867,869,-1,868,869,870,-1,870,869,858,-1,870,858,857,-1,871,872,873,-1,873,872,874,-1,873,874,875,-1,875,874,876,-1,875,876,877,-1,877,876,878,-1,877,878,879,-1,879,878,880,-1,879,880,881,-1,881,880,882,-1,881,882,859,-1,859,882,860,-1,872,871,883,-1,883,871,884,-1,885,886,887,-1,887,886,888,-1,889,890,891,-1,889,891,892,-1,892,891,893,-1,892,893,894,-1,894,893,895,-1,894,895,896,-1,896,895,897,-1,896,897,898,-1,898,897,888,-1,898,888,886,-1,791,794,889,-1,889,794,890,-1,899,900,901,-1,901,900,902,-1,902,900,903,-1,903,900,904,-1,903,904,905,-1,905,904,906,-1,905,906,907,-1,907,906,908,-1,907,908,909,-1,909,908,910,-1,909,910,911,-1,911,910,912,-1,911,912,913,-1,913,912,914,-1,913,914,915,-1,915,914,916,-1,915,916,917,-1,916,918,917,-1,917,918,919,-1,917,919,920,-1,920,919,921,-1,920,921,922,-1,922,921,923,-1,922,923,924,-1,924,923,925,-1,924,925,926,-1,927,928,929,-1,927,929,930,-1,930,929,931,-1,930,931,932,-1,932,931,933,-1,932,933,934,-1,934,933,935,-1,934,935,936,-1,936,935,937,-1,937,935,938,-1,937,938,939,-1,939,938,940,-1,939,940,941,-1,941,940,942,-1,941,942,943,-1,943,942,944,-1,943,944,945,-1,945,944,946,-1,945,946,947,-1,947,946,948,-1,947,948,949,-1,949,948,950,-1,949,950,951,-1,950,952,951,-1,951,952,953,-1,951,953,954,-1,927,926,955,-1,955,926,956,-1,956,957,955,-1,955,957,958,-1,959,960,961,-1,961,960,962,-1,961,962,957,-1,957,962,958,-1,963,964,959,-1,959,964,960,-1,964,963,965,-1,965,963,966,-1,965,966,967,-1,967,966,968,-1,967,968,969,-1,969,968,970,-1,969,970,971,-1,971,970,972,-1,971,972,973,-1,973,972,974,-1,973,974,975,-1,975,974,976,-1,975,976,977,-1,975,977,978,-1,978,977,979,-1,978,979,980,-1,980,979,981,-1,980,981,982,-1,982,981,983,-1,982,983,984,-1,984,983,985,-1,984,985,986,-1,986,985,987,-1,986,987,988,-1,988,987,989,-1,988,989,990,-1,991,992,989,-1,989,992,990,-1,993,994,995,-1,993,995,996,-1,996,995,997,-1,996,997,998,-1,998,997,999,-1,998,999,1000,-1,1000,999,1001,-1,1000,1001,1002,-1,1002,1001,1003,-1,1002,1003,1004,-1,1004,1003,992,-1,1004,992,991,-1,1005,1006,1007,-1,1007,1006,1008,-1,1007,1008,1009,-1,1009,1008,1010,-1,1009,1010,1011,-1,1011,1010,1012,-1,1011,1012,1013,-1,1013,1012,1014,-1,1013,1014,1015,-1,1015,1014,1016,-1,1015,1016,993,-1,993,1016,994,-1,1006,1005,1017,-1,1017,1005,1018,-1,1019,1020,1021,-1,1021,1020,1022,-1,1023,1024,1025,-1,1023,1025,1026,-1,1026,1025,1027,-1,1026,1027,1028,-1,1028,1027,1029,-1,1028,1029,1030,-1,1030,1029,1031,-1,1030,1031,1032,-1,1032,1031,1022,-1,1032,1022,1020,-1,925,928,1023,-1,1023,928,1024,-1,1033,1034,1035,-1,1035,1034,1036,-1,1036,1034,1037,-1,1037,1034,1038,-1,1037,1038,1039,-1,1039,1038,1040,-1,1039,1040,1041,-1,1041,1040,1042,-1,1041,1042,1043,-1,1043,1042,1044,-1,1043,1044,1045,-1,1045,1044,1046,-1,1045,1046,1047,-1,1046,1048,1047,-1,1047,1048,1049,-1,1047,1049,1050,-1,1050,1049,1051,-1,1050,1051,1052,-1,1052,1051,1053,-1,1052,1053,1054,-1,1054,1053,1055,-1,1054,1055,1056,-1,1056,1055,1057,-1,1056,1057,1058,-1,1058,1057,1059,-1,1058,1059,1060,-1,1061,1062,1063,-1,1061,1063,1064,-1,1064,1063,1065,-1,1064,1065,1066,-1,1066,1065,1067,-1,1066,1067,1068,-1,1068,1067,1069,-1,1068,1069,1070,-1,1070,1069,1071,-1,1071,1069,1072,-1,1071,1072,1073,-1,1073,1072,1074,-1,1073,1074,1075,-1,1075,1074,1076,-1,1075,1076,1077,-1,1077,1076,1078,-1,1077,1078,1079,-1,1079,1078,1080,-1,1079,1080,1081,-1,1081,1080,1082,-1,1081,1082,1083,-1,1083,1082,1084,-1,1083,1084,1085,-1,1084,1086,1085,-1,1085,1086,1087,-1,1085,1087,1088,-1,1061,1060,1089,-1,1089,1060,1090,-1,1090,1091,1089,-1,1089,1091,1092,-1,1093,1094,1095,-1,1095,1094,1096,-1,1095,1096,1091,-1,1091,1096,1092,-1,1097,1098,1093,-1,1093,1098,1094,-1,1098,1097,1099,-1,1099,1097,1100,-1,1099,1100,1101,-1,1101,1100,1102,-1,1101,1102,1103,-1,1103,1102,1104,-1,1103,1104,1105,-1,1105,1104,1106,-1,1105,1106,1107,-1,1107,1106,1108,-1,1107,1108,1109,-1,1109,1108,1110,-1,1109,1110,1111,-1,1109,1111,1112,-1,1112,1111,1113,-1,1112,1113,1114,-1,1114,1113,1115,-1,1114,1115,1116,-1,1116,1115,1117,-1,1116,1117,1118,-1,1118,1117,1119,-1,1118,1119,1120,-1,1120,1119,1121,-1,1120,1121,1122,-1,1122,1121,1123,-1,1122,1123,1124,-1,1125,1126,1123,-1,1123,1126,1124,-1,1127,1128,1129,-1,1127,1129,1130,-1,1130,1129,1131,-1,1130,1131,1132,-1,1132,1131,1133,-1,1132,1133,1134,-1,1134,1133,1135,-1,1134,1135,1136,-1,1136,1135,1137,-1,1136,1137,1138,-1,1138,1137,1126,-1,1138,1126,1125,-1,1139,1140,1141,-1,1141,1140,1142,-1,1141,1142,1143,-1,1143,1142,1144,-1,1143,1144,1145,-1,1145,1144,1146,-1,1145,1146,1147,-1,1147,1146,1148,-1,1147,1148,1149,-1,1149,1148,1150,-1,1149,1150,1127,-1,1127,1150,1128,-1,1140,1139,1151,-1,1151,1139,1152,-1,1153,1154,1155,-1,1155,1154,1156,-1,1157,1158,1159,-1,1157,1159,1160,-1,1160,1159,1161,-1,1160,1161,1162,-1,1162,1161,1163,-1,1162,1163,1164,-1,1164,1163,1165,-1,1164,1165,1166,-1,1166,1165,1156,-1,1166,1156,1154,-1,1059,1062,1157,-1,1157,1062,1158,-1,1167,1168,1169,-1,1169,1168,1170,-1,1170,1168,1171,-1,1171,1168,1172,-1,1171,1172,1173,-1,1173,1172,1174,-1,1173,1174,1175,-1,1175,1174,1176,-1,1175,1176,1177,-1,1177,1176,1178,-1,1177,1178,1179,-1,1179,1178,1180,-1,1179,1180,1181,-1,1180,1182,1181,-1,1181,1182,1183,-1,1181,1183,1184,-1,1184,1183,1185,-1,1184,1185,1186,-1,1186,1185,1187,-1,1186,1187,1188,-1,1188,1187,1189,-1,1188,1189,1190,-1,1190,1189,1191,-1,1190,1191,1192,-1,1192,1191,1193,-1,1192,1193,1194,-1,1195,1196,1197,-1,1195,1197,1198,-1,1198,1197,1199,-1,1198,1199,1200,-1,1200,1199,1201,-1,1200,1201,1202,-1,1202,1201,1203,-1,1202,1203,1204,-1,1204,1203,1205,-1,1205,1203,1206,-1,1205,1206,1207,-1,1207,1206,1208,-1,1207,1208,1209,-1,1209,1208,1210,-1,1209,1210,1211,-1,1211,1210,1212,-1,1211,1212,1213,-1,1213,1212,1214,-1,1213,1214,1215,-1,1215,1214,1216,-1,1215,1216,1217,-1,1217,1216,1218,-1,1217,1218,1219,-1,1218,1220,1219,-1,1219,1220,1221,-1,1219,1221,1222,-1,1195,1194,1223,-1,1223,1194,1224,-1,1224,1225,1223,-1,1223,1225,1226,-1,1227,1228,1229,-1,1229,1228,1230,-1,1229,1230,1225,-1,1225,1230,1226,-1,1231,1232,1227,-1,1227,1232,1228,-1,1232,1231,1233,-1,1233,1231,1234,-1,1233,1234,1235,-1,1235,1234,1236,-1,1235,1236,1237,-1,1237,1236,1238,-1,1237,1238,1239,-1,1239,1238,1240,-1,1239,1240,1241,-1,1241,1240,1242,-1,1241,1242,1243,-1,1243,1242,1244,-1,1243,1244,1245,-1,1243,1245,1246,-1,1246,1245,1247,-1,1246,1247,1248,-1,1248,1247,1249,-1,1248,1249,1250,-1,1250,1249,1251,-1,1250,1251,1252,-1,1252,1251,1253,-1,1252,1253,1254,-1,1254,1253,1255,-1,1254,1255,1256,-1,1256,1255,1257,-1,1256,1257,1258,-1,1259,1260,1257,-1,1257,1260,1258,-1,1261,1262,1263,-1,1261,1263,1264,-1,1264,1263,1265,-1,1264,1265,1266,-1,1266,1265,1267,-1,1266,1267,1268,-1,1268,1267,1269,-1,1268,1269,1270,-1,1270,1269,1271,-1,1270,1271,1272,-1,1272,1271,1260,-1,1272,1260,1259,-1,1273,1274,1275,-1,1275,1274,1276,-1,1275,1276,1277,-1,1277,1276,1278,-1,1277,1278,1279,-1,1279,1278,1280,-1,1279,1280,1281,-1,1281,1280,1282,-1,1281,1282,1283,-1,1283,1282,1284,-1,1283,1284,1261,-1,1261,1284,1262,-1,1274,1273,1285,-1,1285,1273,1286,-1,1287,1288,1289,-1,1289,1288,1290,-1,1291,1292,1293,-1,1291,1293,1294,-1,1294,1293,1295,-1,1294,1295,1296,-1,1296,1295,1297,-1,1296,1297,1298,-1,1298,1297,1299,-1,1298,1299,1300,-1,1300,1299,1290,-1,1300,1290,1288,-1,1193,1196,1291,-1,1291,1196,1292,-1,1301,1302,1303,-1,1303,1302,1304,-1,1304,1302,1305,-1,1305,1302,1306,-1,1305,1306,1307,-1,1307,1306,1308,-1,1307,1308,1309,-1,1309,1308,1310,-1,1309,1310,1311,-1,1311,1310,1312,-1,1311,1312,1313,-1,1313,1312,1314,-1,1313,1314,1315,-1,1315,1314,1316,-1,1315,1316,1317,-1,1317,1316,1318,-1,1317,1318,1319,-1,1318,1320,1319,-1,1319,1320,1321,-1,1319,1321,1322,-1,1322,1321,1323,-1,1322,1323,1324,-1,1324,1323,1325,-1,1324,1325,1326,-1,1326,1325,1327,-1,1326,1327,1328,-1,1329,1330,1331,-1,1329,1331,1332,-1,1332,1331,1333,-1,1332,1333,1334,-1,1334,1333,1335,-1,1334,1335,1336,-1,1336,1335,1337,-1,1336,1337,1338,-1,1338,1337,1339,-1,1338,1339,1340,-1,1340,1339,1341,-1,1340,1341,1342,-1,1342,1341,1343,-1,1343,1341,1344,-1,1343,1344,1345,-1,1345,1344,1346,-1,1345,1346,1347,-1,1347,1346,1348,-1,1347,1348,1349,-1,1349,1348,1350,-1,1349,1350,1351,-1,1351,1350,1352,-1,1351,1352,1353,-1,1352,1354,1353,-1,1353,1354,1355,-1,1353,1355,1356,-1,1329,1328,1357,-1,1357,1328,1358,-1,1358,1359,1357,-1,1357,1359,1360,-1,1361,1362,1363,-1,1363,1362,1364,-1,1363,1364,1359,-1,1359,1364,1360,-1,1365,1366,1361,-1,1361,1366,1362,-1,1366,1365,1367,-1,1367,1365,1368,-1,1367,1368,1369,-1,1369,1368,1370,-1,1369,1370,1371,-1,1371,1370,1372,-1,1371,1372,1373,-1,1373,1372,1374,-1,1373,1374,1375,-1,1375,1374,1376,-1,1375,1376,1377,-1,1377,1376,1378,-1,1377,1378,1379,-1,1377,1379,1380,-1,1380,1379,1381,-1,1380,1381,1382,-1,1382,1381,1383,-1,1382,1383,1384,-1,1384,1383,1385,-1,1384,1385,1386,-1,1386,1385,1387,-1,1386,1387,1388,-1,1388,1387,1389,-1,1388,1389,1390,-1,1390,1389,1391,-1,1390,1391,1392,-1,1393,1394,1391,-1,1391,1394,1392,-1,1395,1396,1397,-1,1395,1397,1398,-1,1398,1397,1399,-1,1398,1399,1400,-1,1400,1399,1401,-1,1400,1401,1402,-1,1402,1401,1403,-1,1402,1403,1404,-1,1404,1403,1405,-1,1404,1405,1406,-1,1406,1405,1394,-1,1406,1394,1393,-1,1407,1408,1409,-1,1409,1408,1410,-1,1409,1410,1411,-1,1411,1410,1412,-1,1411,1412,1413,-1,1413,1412,1414,-1,1413,1414,1415,-1,1415,1414,1416,-1,1415,1416,1417,-1,1417,1416,1418,-1,1417,1418,1395,-1,1395,1418,1396,-1,1408,1407,1419,-1,1419,1407,1420,-1,1421,1422,1423,-1,1423,1422,1424,-1,1425,1426,1427,-1,1425,1427,1428,-1,1428,1427,1429,-1,1428,1429,1430,-1,1430,1429,1431,-1,1430,1431,1432,-1,1432,1431,1433,-1,1432,1433,1434,-1,1434,1433,1424,-1,1434,1424,1422,-1,1327,1330,1425,-1,1425,1330,1426,-1,1435,1436,1437,-1,1437,1436,1438,-1,1438,1436,1439,-1,1439,1436,1440,-1,1439,1440,1441,-1,1441,1440,1442,-1,1441,1442,1443,-1,1443,1442,1444,-1,1443,1444,1445,-1,1445,1444,1446,-1,1445,1446,1447,-1,1447,1446,1448,-1,1447,1448,1449,-1,1449,1448,1450,-1,1449,1450,1451,-1,1451,1450,1452,-1,1451,1452,1453,-1,1452,1454,1453,-1,1453,1454,1455,-1,1453,1455,1456,-1,1456,1455,1457,-1,1456,1457,1458,-1,1458,1457,1459,-1,1458,1459,1460,-1,1460,1459,1461,-1,1460,1461,1462,-1,1463,1464,1465,-1,1463,1465,1466,-1,1466,1465,1467,-1,1466,1467,1468,-1,1468,1467,1469,-1,1468,1469,1470,-1,1470,1469,1471,-1,1470,1471,1472,-1,1472,1471,1473,-1,1472,1473,1474,-1,1474,1473,1475,-1,1474,1475,1476,-1,1476,1475,1477,-1,1477,1475,1478,-1,1477,1478,1479,-1,1479,1478,1480,-1,1479,1480,1481,-1,1481,1480,1482,-1,1481,1482,1483,-1,1483,1482,1484,-1,1483,1484,1485,-1,1485,1484,1486,-1,1485,1486,1487,-1,1486,1488,1487,-1,1487,1488,1489,-1,1487,1489,1490,-1,1463,1462,1491,-1,1491,1462,1492,-1,1492,1493,1491,-1,1491,1493,1494,-1,1495,1496,1497,-1,1497,1496,1498,-1,1497,1498,1493,-1,1493,1498,1494,-1,1499,1500,1495,-1,1495,1500,1496,-1,1500,1499,1501,-1,1501,1499,1502,-1,1501,1502,1503,-1,1503,1502,1504,-1,1503,1504,1505,-1,1505,1504,1506,-1,1505,1506,1507,-1,1507,1506,1508,-1,1507,1508,1509,-1,1509,1508,1510,-1,1509,1510,1511,-1,1511,1510,1512,-1,1511,1512,1513,-1,1511,1513,1514,-1,1514,1513,1515,-1,1514,1515,1516,-1,1516,1515,1517,-1,1516,1517,1518,-1,1518,1517,1519,-1,1518,1519,1520,-1,1520,1519,1521,-1,1520,1521,1522,-1,1522,1521,1523,-1,1522,1523,1524,-1,1524,1523,1525,-1,1524,1525,1526,-1,1527,1528,1525,-1,1525,1528,1526,-1,1529,1530,1531,-1,1529,1531,1532,-1,1532,1531,1533,-1,1532,1533,1534,-1,1534,1533,1535,-1,1534,1535,1536,-1,1536,1535,1537,-1,1536,1537,1538,-1,1538,1537,1539,-1,1538,1539,1540,-1,1540,1539,1528,-1,1540,1528,1527,-1,1541,1542,1543,-1,1543,1542,1544,-1,1543,1544,1545,-1,1545,1544,1546,-1,1545,1546,1547,-1,1547,1546,1548,-1,1547,1548,1549,-1,1549,1548,1550,-1,1549,1550,1551,-1,1551,1550,1552,-1,1551,1552,1529,-1,1529,1552,1530,-1,1542,1541,1553,-1,1553,1541,1554,-1,1555,1556,1557,-1,1557,1556,1558,-1,1559,1560,1561,-1,1559,1561,1562,-1,1562,1561,1563,-1,1562,1563,1564,-1,1564,1563,1565,-1,1564,1565,1566,-1,1566,1565,1567,-1,1566,1567,1568,-1,1568,1567,1558,-1,1568,1558,1556,-1,1461,1464,1559,-1,1559,1464,1560,-1,
        ]
    }
}
Shape{
    appearance Appearance {
        material  Material 	{
            diffuseColor 0.8509803921568627 0.807843137254902 0.7372549019607844
            specularColor 0.4235294117647059 0.403921568627451 0.3686274509803922
            ambientIntensity 0.2
            transparency 0
            shininess 0.5
        }
    }
    geometry IndexedFaceSet {
        ccw TRUE
        solid FALSE
        coord DEF co Coordinate {
            point [
                1.378 0.9252 0.0, 1.378 1.3189 0.0, 1.378 0.9252 0.1181, 1.378 1.3189 0.2362, 1.378 -0.7283 0.2362, 1.378 -0.7283 0.1378, 1.378 -0.7283 0.1181, 1.5748 1.3189 2.4606, 1.5748 -0.7283 2.4606, 1.5473 -0.7283 2.4606, 1.4055 -0.7283 2.4606, 1.378 -0.7283 2.4606, 1.378 1.3189 2.4606, 1.538 -0.7283 2.4606, -1.378 1.3189 2.4606, -1.378 -0.7283 2.4606, -1.4055 -0.7283 2.4606, -1.5748 1.3189 2.4606, -1.4148 -0.7283 2.4606, -1.5748 -0.7283 2.4606, -1.378 0.9252 0.1181, -1.378 -0.7283 0.1181, -1.378 -0.7283 0.1378, -1.378 -0.7283 0.2362, -1.378 1.3189 0.2362, -1.378 0.9252 0.0, -1.378 1.3189 0.0, -1.378 1.3189 0.0
            ]
        }
        coordIndex [
            0,1,2,-1,2,1,3,-1,3,4,2,-1,2,4,5,-1,2,5,6,-1,7,8,9,-1,10,11,12,-1,7,9,12,-1,12,9,13,-1,12,13,10,-1,14,15,16,-1,14,16,17,-1,17,16,18,-1,17,18,19,-1,20,21,22,-1,22,23,20,-1,20,23,24,-1,20,24,25,-1,25,24,26,-1,
        ]
    }
}
Shape{
    appearance Appearance {
        material  Material 	{
            diffuseColor 0.7843137254901961 0.7843137254901961 0.7843137254901961
            specularColor 0.39215686274509803 0.39215686274509803 0.39215686274509803
            ambientIntensity 0.2
            transparency 0
            shininess 0.5
        }
    }
    geometry IndexedFaceSet {
        ccw TRUE
        solid FALSE
        coord DEF co Coordinate {
            point [
                -0.8257 0.8182 1.9286, -0.946 0.8182 1.9286, -0.946 0.8042 1.9326, -0.8257 0.8042 1.9326, -0.946 0.7897 1.9339, -0.8257 0.7897 1.9339, -0.946 1.1112 1.8147, -0.8257 1.1112 1.8147, -0.8257 1.1278 1.8058, -0.946 1.1278 1.8058, -0.8257 1.1419 1.7932, -0.946 1.1419 1.7932, -0.8257 1.1525 1.7777, -0.946 1.1525 1.7777, -0.8257 1.1592 1.76, -0.946 1.1592 1.76, -0.8257 1.1614 1.7413, -0.946 1.1614 1.7413, -0.946 1.1614 1.7352, -0.8257 1.1614 1.7352, -0.8257 1.0827 1.6564, -0.946 1.0827 1.6564, -0.946 1.1031 1.6591, -0.8257 1.1031 1.6591, -0.946 1.122 1.667, -0.8257 1.122 1.667, -0.946 1.1384 1.6795, -0.8257 1.1384 1.6795, -0.946 1.1509 1.6958, -0.8257 1.1509 1.6958, -0.946 1.1587 1.7148, -0.8257 1.1587 1.7148, -0.946 -0.7283 1.6564, -0.8257 -0.7283 1.6564, -0.8257 -0.7283 1.9339, -0.946 -0.7283 1.9339, -0.2351 0.8182 1.9286, -0.3554 0.8182 1.9286, -0.3554 0.8042 1.9326, -0.2351 0.8042 1.9326, -0.3554 0.7897 1.9339, -0.2351 0.7897 1.9339, -0.3554 1.1112 1.8147, -0.2351 1.1112 1.8147, -0.2351 1.1278 1.8058, -0.3554 1.1278 1.8058, -0.2351 1.1419 1.7932, -0.3554 1.1419 1.7932, -0.2351 1.1525 1.7777, -0.3554 1.1525 1.7777, -0.2351 1.1592 1.76, -0.3554 1.1592 1.76, -0.2351 1.1614 1.7413, -0.3554 1.1614 1.7413, -0.3554 1.1614 1.7352, -0.2351 1.1614 1.7352, -0.2351 1.0827 1.6564, -0.3554 1.0827 1.6564, -0.3554 1.1031 1.6591, -0.2351 1.1031 1.6591, -0.3554 1.122 1.667, -0.2351 1.122 1.667, -0.3554 1.1384 1.6795, -0.2351 1.1384 1.6795, -0.3554 1.1509 1.6958, -0.2351 1.1509 1.6958, -0.3554 1.1587 1.7148, -0.2351 1.1587 1.7148, -0.3554 -0.7283 1.6564, -0.2351 -0.7283 1.6564, -0.2351 -0.7283 1.9339, -0.3554 -0.7283 1.9339, 0.3554 0.8182 1.9286, 0.2351 0.8182 1.9286, 0.2351 0.8042 1.9326, 0.3554 0.8042 1.9326, 0.2351 0.7897 1.9339, 0.3554 0.7897 1.9339, 0.2351 1.1112 1.8147, 0.3554 1.1112 1.8147, 0.3554 1.1278 1.8058, 0.2351 1.1278 1.8058, 0.3554 1.1419 1.7932, 0.2351 1.1419 1.7932, 0.3554 1.1525 1.7777, 0.2351 1.1525 1.7777, 0.3554 1.1592 1.76, 0.2351 1.1592 1.76, 0.3554 1.1614 1.7413, 0.2351 1.1614 1.7413, 0.2351 1.1614 1.7352, 0.3554 1.1614 1.7352, 0.3554 1.0827 1.6564, 0.2351 1.0827 1.6564, 0.2351 1.1031 1.6591, 0.3554 1.1031 1.6591, 0.2351 1.122 1.667, 0.3554 1.122 1.667, 0.2351 1.1384 1.6795, 0.3554 1.1384 1.6795, 0.2351 1.1509 1.6958, 0.3554 1.1509 1.6958, 0.2351 1.1587 1.7148, 0.3554 1.1587 1.7148, 0.2351 -0.7283 1.6564, 0.3554 -0.7283 1.6564, 0.3554 -0.7283 1.9339, 0.2351 -0.7283 1.9339, 0.946 0.8182 1.9286, 0.8257 0.8182 1.9286, 0.8257 0.8042 1.9326, 0.946 0.8042 1.9326, 0.8257 0.7897 1.9339, 0.946 0.7897 1.9339, 0.8257 1.1112 1.8147, 0.946 1.1112 1.8147, 0.946 1.1278 1.8058, 0.8257 1.1278 1.8058, 0.946 1.1419 1.7932, 0.8257 1.1419 1.7932, 0.946 1.1525 1.7777, 0.8257 1.1525 1.7777, 0.946 1.1592 1.76, 0.8257 1.1592 1.76, 0.946 1.1614 1.7413, 0.8257 1.1614 1.7413, 0.8257 1.1614 1.7352, 0.946 1.1614 1.7352, 0.946 1.0827 1.6564, 0.8257 1.0827 1.6564, 0.8257 1.1031 1.6591, 0.946 1.1031 1.6591, 0.8257 1.122 1.667, 0.946 1.122 1.667, 0.8257 1.1384 1.6795, 0.946 1.1384 1.6795, 0.8257 1.1509 1.6958, 0.946 1.1509 1.6958, 0.8257 1.1587 1.7148, 0.946 1.1587 1.7148, 0.8257 -0.7283 1.6564, 0.946 -0.7283 1.6564, 0.946 -0.7283 1.9339, 0.8257 -0.7283 1.9339, 1.5365 0.8182 1.9286, 1.4162 0.8182 1.9286, 1.4162 0.8042 1.9326, 1.5365 0.8042 1.9326, 1.4162 0.7897 1.9339, 1.5365 0.7897 1.9339, 1.4162 1.1112 1.8147, 1.5365 1.1112 1.8147, 1.5365 1.1278 1.8058, 1.4162 1.1278 1.8058, 1.5365 1.1419 1.7932, 1.4162 1.1419 1.7932, 1.5365 1.1525 1.7777, 1.4162 1.1525 1.7777, 1.5365 1.1592 1.76, 1.4162 1.1592 1.76, 1.5365 1.1614 1.7413, 1.4162 1.1614 1.7413, 1.4162 1.1614 1.7352, 1.5365 1.1614 1.7352, 1.5365 1.0827 1.6564, 1.4162 1.0827 1.6564, 1.4162 1.1031 1.6591, 1.5365 1.1031 1.6591, 1.4162 1.122 1.667, 1.5365 1.122 1.667, 1.4162 1.1384 1.6795, 1.5365 1.1384 1.6795, 1.4162 1.1509 1.6958, 1.5365 1.1509 1.6958, 1.4162 1.1587 1.7148, 1.5365 1.1587 1.7148, 1.4162 -0.7283 1.6564, 1.5365 -0.7283 1.6564, 1.5365 -0.7283 1.9339, 1.4162 -0.7283 1.9339, -1.5365 0.8182 0.6108, -1.4162 0.8182 0.6108, -1.4162 0.8042 0.6068, -1.5365 0.8042 0.6068, -1.4162 0.7897 0.6054, -1.5365 0.7897 0.6054, -1.5365 -0.7283 0.6054, -1.4162 -0.7283 0.6054, -1.4162 1.0827 0.883, -1.5365 1.0827 0.883, -1.4162 -0.7283 0.883, -1.5365 -0.7283 0.883, -1.4162 1.1002 0.881, -1.5365 1.1002 0.881, -1.4162 1.1168 0.8752, -1.5365 1.1168 0.8752, -1.4162 1.1318 0.8658, -1.5365 1.1318 0.8658, -1.4162 1.1442 0.8533, -1.5365 1.1442 0.8533, -1.4162 1.1536 0.8384, -1.5365 1.1536 0.8384, -1.4162 1.1594 0.8217, -1.5365 1.1594 0.8217, -1.4162 1.1614 0.8042, -1.5365 1.1614 0.8042, -1.4162 1.1614 0.7981, -1.5365 1.1614 0.7981, -1.4162 1.1112 0.7247, -1.5365 1.1112 0.7247, -1.5365 1.1278 0.7336, -1.4162 1.1278 0.7336, -1.5365 1.1419 0.7461, -1.4162 1.1419 0.7461, -1.5365 1.1525 0.7617, -1.4162 1.1525 0.7617, -1.5365 1.1592 0.7794, -1.4162 1.1592 0.7794, -0.946 0.8182 0.6108, -0.8257 0.8182 0.6108, -0.8257 0.8042 0.6068, -0.946 0.8042 0.6068, -0.8257 0.7897 0.6054, -0.946 0.7897 0.6054, -0.946 -0.7283 0.6054, -0.8257 -0.7283 0.6054, -0.8257 1.0827 0.883, -0.946 1.0827 0.883, -0.8257 -0.7283 0.883, -0.946 -0.7283 0.883, -0.8257 1.1002 0.881, -0.946 1.1002 0.881, -0.8257 1.1168 0.8752, -0.946 1.1168 0.8752, -0.8257 1.1318 0.8658, -0.946 1.1318 0.8658, -0.8257 1.1442 0.8533, -0.946 1.1442 0.8533, -0.8257 1.1536 0.8384, -0.946 1.1536 0.8384, -0.8257 1.1594 0.8217, -0.946 1.1594 0.8217, -0.8257 1.1614 0.8042, -0.946 1.1614 0.8042, -0.8257 1.1614 0.7981, -0.946 1.1614 0.7981, -0.8257 1.1112 0.7247, -0.946 1.1112 0.7247, -0.946 1.1278 0.7336, -0.8257 1.1278 0.7336, -0.946 1.1419 0.7461, -0.8257 1.1419 0.7461, -0.946 1.1525 0.7617, -0.8257 1.1525 0.7617, -0.946 1.1592 0.7794, -0.8257 1.1592 0.7794, -0.3554 0.8182 0.6108, -0.2351 0.8182 0.6108, -0.2351 0.8042 0.6068, -0.3554 0.8042 0.6068, -0.2351 0.7897 0.6054, -0.3554 0.7897 0.6054, -0.3554 -0.7283 0.6054, -0.2351 -0.7283 0.6054, -0.2351 1.0827 0.883, -0.3554 1.0827 0.883, -0.2351 -0.7283 0.883, -0.3554 -0.7283 0.883, -0.2351 1.1002 0.881, -0.3554 1.1002 0.881, -0.2351 1.1168 0.8752, -0.3554 1.1168 0.8752, -0.2351 1.1318 0.8658, -0.3554 1.1318 0.8658, -0.2351 1.1442 0.8533, -0.3554 1.1442 0.8533, -0.2351 1.1536 0.8384, -0.3554 1.1536 0.8384, -0.2351 1.1594 0.8217, -0.3554 1.1594 0.8217, -0.2351 1.1614 0.8042, -0.3554 1.1614 0.8042, -0.2351 1.1614 0.7981, -0.3554 1.1614 0.7981, -0.2351 1.1112 0.7247, -0.3554 1.1112 0.7247, -0.3554 1.1278 0.7336, -0.2351 1.1278 0.7336, -0.3554 1.1419 0.7461, -0.2351 1.1419 0.7461, -0.3554 1.1525 0.7617, -0.2351 1.1525 0.7617, -0.3554 1.1592 0.7794, -0.2351 1.1592 0.7794, 0.2351 0.8182 0.6108, 0.3554 0.8182 0.6108, 0.3554 0.8042 0.6068, 0.2351 0.8042 0.6068, 0.3554 0.7897 0.6054, 0.2351 0.7897 0.6054, 0.2351 -0.7283 0.6054, 0.3554 -0.7283 0.6054, 0.3554 1.0827 0.883, 0.2351 1.0827 0.883, 0.3554 -0.7283 0.883, 0.2351 -0.7283 0.883, 0.3554 1.1002 0.881, 0.2351 1.1002 0.881, 0.3554 1.1168 0.8752, 0.2351 1.1168 0.8752, 0.3554 1.1318 0.8658, 0.2351 1.1318 0.8658, 0.3554 1.1442 0.8533, 0.2351 1.1442 0.8533, 0.3554 1.1536 0.8384, 0.2351 1.1536 0.8384, 0.3554 1.1594 0.8217, 0.2351 1.1594 0.8217, 0.3554 1.1614 0.8042, 0.2351 1.1614 0.8042, 0.3554 1.1614 0.7981, 0.2351 1.1614 0.7981, 0.3554 1.1112 0.7247, 0.2351 1.1112 0.7247, 0.2351 1.1278 0.7336, 0.3554 1.1278 0.7336, 0.2351 1.1419 0.7461, 0.3554 1.1419 0.7461, 0.2351 1.1525 0.7617, 0.3554 1.1525 0.7617, 0.2351 1.1592 0.7794, 0.3554 1.1592 0.7794, 0.8257 0.8182 0.6108, 0.946 0.8182 0.6108, 0.946 0.8042 0.6068, 0.8257 0.8042 0.6068, 0.946 0.7897 0.6054, 0.8257 0.7897 0.6054, 0.8257 -0.7283 0.6054, 0.946 -0.7283 0.6054, 0.946 1.0827 0.883, 0.8257 1.0827 0.883, 0.946 -0.7283 0.883, 0.8257 -0.7283 0.883, 0.946 1.1002 0.881, 0.8257 1.1002 0.881, 0.946 1.1168 0.8752, 0.8257 1.1168 0.8752, 0.946 1.1318 0.8658, 0.8257 1.1318 0.8658, 0.946 1.1442 0.8533, 0.8257 1.1442 0.8533, 0.946 1.1536 0.8384, 0.8257 1.1536 0.8384, 0.946 1.1594 0.8217, 0.8257 1.1594 0.8217, 0.946 1.1614 0.8042, 0.8257 1.1614 0.8042, 0.946 1.1614 0.7981, 0.8257 1.1614 0.7981, 0.946 1.1112 0.7247, 0.8257 1.1112 0.7247, 0.8257 1.1278 0.7336, 0.946 1.1278 0.7336, 0.8257 1.1419 0.7461, 0.946 1.1419 0.7461, 0.8257 1.1525 0.7617, 0.946 1.1525 0.7617, 0.8257 1.1592 0.7794, 0.946 1.1592 0.7794, 0.946 1.1592 0.7794
            ]
        }
        coordIndex [
            0,1,2,-1,0,2,3,-1,3,2,4,-1,3,4,5,-1,1,0,6,-1,6,0,7,-1,6,7,8,-1,6,8,9,-1,9,8,10,-1,9,10,11,-1,11,10,12,-1,11,12,13,-1,13,12,14,-1,13,14,15,-1,15,14,16,-1,15,16,17,-1,17,16,18,-1,18,16,19,-1,20,21,22,-1,20,22,23,-1,23,22,24,-1,23,24,25,-1,25,24,26,-1,25,26,27,-1,27,26,28,-1,27,28,29,-1,29,28,30,-1,29,30,31,-1,31,30,18,-1,31,18,19,-1,21,20,32,-1,32,20,33,-1,5,4,34,-1,34,4,35,-1,36,37,38,-1,36,38,39,-1,39,38,40,-1,39,40,41,-1,37,36,42,-1,42,36,43,-1,42,43,44,-1,42,44,45,-1,45,44,46,-1,45,46,47,-1,47,46,48,-1,47,48,49,-1,49,48,50,-1,49,50,51,-1,51,50,52,-1,51,52,53,-1,53,52,54,-1,54,52,55,-1,56,57,58,-1,56,58,59,-1,59,58,60,-1,59,60,61,-1,61,60,62,-1,61,62,63,-1,63,62,64,-1,63,64,65,-1,65,64,66,-1,65,66,67,-1,67,66,54,-1,67,54,55,-1,57,56,68,-1,68,56,69,-1,41,40,70,-1,70,40,71,-1,72,73,74,-1,72,74,75,-1,75,74,76,-1,75,76,77,-1,73,72,78,-1,78,72,79,-1,78,79,80,-1,78,80,81,-1,81,80,82,-1,81,82,83,-1,83,82,84,-1,83,84,85,-1,85,84,86,-1,85,86,87,-1,87,86,88,-1,87,88,89,-1,89,88,90,-1,90,88,91,-1,92,93,94,-1,92,94,95,-1,95,94,96,-1,95,96,97,-1,97,96,98,-1,97,98,99,-1,99,98,100,-1,99,100,101,-1,101,100,102,-1,101,102,103,-1,103,102,90,-1,103,90,91,-1,93,92,104,-1,104,92,105,-1,77,76,106,-1,106,76,107,-1,108,109,110,-1,108,110,111,-1,111,110,112,-1,111,112,113,-1,109,108,114,-1,114,108,115,-1,114,115,116,-1,114,116,117,-1,117,116,118,-1,117,118,119,-1,119,118,120,-1,119,120,121,-1,121,120,122,-1,121,122,123,-1,123,122,124,-1,123,124,125,-1,125,124,126,-1,126,124,127,-1,128,129,130,-1,128,130,131,-1,131,130,132,-1,131,132,133,-1,133,132,134,-1,133,134,135,-1,135,134,136,-1,135,136,137,-1,137,136,138,-1,137,138,139,-1,139,138,126,-1,139,126,127,-1,129,128,140,-1,140,128,141,-1,113,112,142,-1,142,112,143,-1,144,145,146,-1,144,146,147,-1,147,146,148,-1,147,148,149,-1,145,144,150,-1,150,144,151,-1,150,151,152,-1,150,152,153,-1,153,152,154,-1,153,154,155,-1,155,154,156,-1,155,156,157,-1,157,156,158,-1,157,158,159,-1,159,158,160,-1,159,160,161,-1,161,160,162,-1,162,160,163,-1,164,165,166,-1,164,166,167,-1,167,166,168,-1,167,168,169,-1,169,168,170,-1,169,170,171,-1,171,170,172,-1,171,172,173,-1,173,172,174,-1,173,174,175,-1,175,174,162,-1,175,162,163,-1,165,164,176,-1,176,164,177,-1,149,148,178,-1,178,148,179,-1,180,181,182,-1,180,182,183,-1,183,182,184,-1,183,184,185,-1,185,184,186,-1,186,184,187,-1,188,189,190,-1,190,189,191,-1,189,188,192,-1,189,192,193,-1,193,192,194,-1,193,194,195,-1,195,194,196,-1,195,196,197,-1,197,196,198,-1,197,198,199,-1,199,198,200,-1,199,200,201,-1,201,200,202,-1,201,202,203,-1,203,202,204,-1,203,204,205,-1,206,207,204,-1,204,207,205,-1,208,209,210,-1,208,210,211,-1,211,210,212,-1,211,212,213,-1,213,212,214,-1,213,214,215,-1,215,214,216,-1,215,216,217,-1,217,216,207,-1,217,207,206,-1,181,180,208,-1,208,180,209,-1,218,219,220,-1,218,220,221,-1,221,220,222,-1,221,222,223,-1,223,222,224,-1,224,222,225,-1,226,227,228,-1,228,227,229,-1,227,226,230,-1,227,230,231,-1,231,230,232,-1,231,232,233,-1,233,232,234,-1,233,234,235,-1,235,234,236,-1,235,236,237,-1,237,236,238,-1,237,238,239,-1,239,238,240,-1,239,240,241,-1,241,240,242,-1,241,242,243,-1,244,245,242,-1,242,245,243,-1,246,247,248,-1,246,248,249,-1,249,248,250,-1,249,250,251,-1,251,250,252,-1,251,252,253,-1,253,252,254,-1,253,254,255,-1,255,254,245,-1,255,245,244,-1,219,218,246,-1,246,218,247,-1,256,257,258,-1,256,258,259,-1,259,258,260,-1,259,260,261,-1,261,260,262,-1,262,260,263,-1,264,265,266,-1,266,265,267,-1,265,264,268,-1,265,268,269,-1,269,268,270,-1,269,270,271,-1,271,270,272,-1,271,272,273,-1,273,272,274,-1,273,274,275,-1,275,274,276,-1,275,276,277,-1,277,276,278,-1,277,278,279,-1,279,278,280,-1,279,280,281,-1,282,283,280,-1,280,283,281,-1,284,285,286,-1,284,286,287,-1,287,286,288,-1,287,288,289,-1,289,288,290,-1,289,290,291,-1,291,290,292,-1,291,292,293,-1,293,292,283,-1,293,283,282,-1,257,256,284,-1,284,256,285,-1,294,295,296,-1,294,296,297,-1,297,296,298,-1,297,298,299,-1,299,298,300,-1,300,298,301,-1,302,303,304,-1,304,303,305,-1,303,302,306,-1,303,306,307,-1,307,306,308,-1,307,308,309,-1,309,308,310,-1,309,310,311,-1,311,310,312,-1,311,312,313,-1,313,312,314,-1,313,314,315,-1,315,314,316,-1,315,316,317,-1,317,316,318,-1,317,318,319,-1,320,321,318,-1,318,321,319,-1,322,323,324,-1,322,324,325,-1,325,324,326,-1,325,326,327,-1,327,326,328,-1,327,328,329,-1,329,328,330,-1,329,330,331,-1,331,330,321,-1,331,321,320,-1,295,294,322,-1,322,294,323,-1,332,333,334,-1,332,334,335,-1,335,334,336,-1,335,336,337,-1,337,336,338,-1,338,336,339,-1,340,341,342,-1,342,341,343,-1,341,340,344,-1,341,344,345,-1,345,344,346,-1,345,346,347,-1,347,346,348,-1,347,348,349,-1,349,348,350,-1,349,350,351,-1,351,350,352,-1,351,352,353,-1,353,352,354,-1,353,354,355,-1,355,354,356,-1,355,356,357,-1,358,359,356,-1,356,359,357,-1,360,361,362,-1,360,362,363,-1,363,362,364,-1,363,364,365,-1,365,364,366,-1,365,366,367,-1,367,366,368,-1,367,368,369,-1,369,368,359,-1,369,359,358,-1,333,332,360,-1,360,332,361,-1,
        ]
    }
}
Shape{
    appearance Appearance {
        material  Material 	{
            diffuseColor 0.8509803921568627 0.807843137254902 0.7372549019607844
            specularColor 0.4235294117647059 0.403921568627451 0.3686274509803922
            ambientIntensity 0.2
            transparency 0
            shininess 0.5
        }
    }
    geometry IndexedFaceSet {
        ccw TRUE
        solid FALSE
        coord DEF co Coordinate {
            point [
                1.5748 -0.7283 0.7185, 1.5748 1.2402 0.7185, 1.9685 -0.7283 0.7185, 1.9685 1.2402 0.7185, 1.5748 1.2402 1.8209, 1.5748 -0.7283 1.8209, 1.9685 1.2402 1.8209, 1.9685 -0.7283 1.8209, -1.5748 -0.7283 1.8209, -1.5748 1.2402 1.8209, -1.9685 -0.7283 1.8209, -1.9685 1.2402 1.8209, 1.5748 1.2402 1.624, 0.9843 1.2402 1.624, 0.9843 1.2402 1.8209, 1.378 1.2402 1.8209, 0.3937 1.2402 1.624, 0.3937 1.2402 1.8209, 0.7874 1.2402 1.8209, 1.5748 1.2402 0.9154, 1.752 1.2402 1.0335, 1.378 1.2402 0.9154, 0.7677 1.2402 1.0335, 1.752 1.2402 1.5059, 0.7677 1.2402 1.5059, 1.378 1.2402 1.624, -0.1969 1.2402 0.9154, -0.3937 1.2402 0.9154, -0.4921 1.2402 1.0335, -1.378 1.2402 1.8209, -0.9843 1.2402 1.8209, -1.378 1.2402 1.624, -0.9843 1.2402 1.624, 0.1969 1.2402 0.9154, 0.1969 1.2402 0.7185, -0.1969 1.2402 0.7185, -0.4921 1.2402 1.5059, -0.3937 1.2402 1.624, -0.1969 1.2402 1.624, -0.1969 1.2402 1.8209, 0.1969 1.2402 1.8209, 0.1969 1.2402 1.624, 0.4921 1.2402 1.5059, -0.7874 1.2402 1.8209, -0.3937 1.2402 1.8209, -0.7874 1.2402 1.624, -0.7677 1.2402 1.5059, 0.3937 1.2402 0.9154, 0.7874 1.2402 0.9154, 0.3937 1.2402 0.7185, 0.7874 1.2402 0.7185, -0.9843 1.2402 0.7185, -1.378 1.2402 0.7185, -0.9843 1.2402 0.9154, -1.378 1.2402 0.9154, -1.5748 1.2402 0.9154, -1.5748 1.2402 0.7185, -1.752 1.2402 1.0335, -1.9685 1.2402 0.7185, -1.752 1.2402 1.5059, 0.4921 1.2402 1.0335, -0.3937 1.2402 0.7185, -0.7874 1.2402 0.7185, -0.7874 1.2402 0.9154, -0.7677 1.2402 1.0335, -1.5748 1.2402 1.624, 0.7874 1.2402 1.624, 0.9843 1.2402 0.9154, 0.9843 1.2402 0.7185, 1.378 1.2402 0.7185, -1.5748 -0.7283 0.7185, -1.9685 -0.7283 0.7185, -1.9685 -0.7283 0.7185
            ]
        }
        coordIndex [
            0,1,2,-1,2,1,3,-1,4,5,6,-1,6,5,7,-1,8,9,10,-1,10,9,11,-1,12,4,6,-1,13,14,15,-1,16,17,18,-1,1,19,20,-1,20,19,21,-1,20,21,22,-1,23,24,25,-1,25,12,23,-1,23,12,6,-1,23,6,20,-1,20,6,3,-1,20,3,1,-1,26,27,28,-1,29,30,31,-1,31,30,32,-1,33,34,35,-1,36,37,38,-1,39,40,38,-1,38,40,41,-1,38,41,36,-1,36,41,42,-1,43,44,45,-1,45,44,46,-1,45,46,32,-1,35,26,33,-1,33,26,28,-1,33,28,47,-1,47,28,48,-1,47,48,49,-1,49,48,50,-1,51,52,53,-1,53,52,54,-1,55,56,57,-1,57,56,58,-1,57,58,59,-1,59,58,11,-1,24,22,60,-1,61,62,63,-1,61,63,64,-1,64,63,53,-1,64,53,57,-1,57,53,54,-1,57,54,55,-1,32,46,31,-1,31,46,59,-1,31,59,65,-1,65,59,11,-1,65,11,9,-1,15,25,13,-1,13,25,24,-1,13,24,66,-1,66,24,60,-1,66,60,18,-1,18,60,42,-1,18,42,16,-1,16,42,41,-1,28,60,48,-1,48,60,22,-1,48,22,67,-1,67,22,21,-1,67,21,68,-1,68,21,69,-1,27,61,28,-1,28,61,64,-1,28,64,36,-1,36,64,46,-1,36,46,37,-1,37,46,44,-1,56,70,58,-1,58,70,71,-1,
        ]
    }
}
Shape{
    appearance Appearance {
        material  Material 	{
            diffuseColor 0.7843137254901961 0.7843137254901961 0.7843137254901961
            specularColor 0.39215686274509803 0.39215686274509803 0.39215686274509803
            ambientIntensity 0.2
            transparency 0
            shininess 0.5
        }
    }
    geometry IndexedFaceSet {
        ccw TRUE
        solid FALSE
        coord DEF co Coordinate {
            point [
                1.4162 0.8182 0.6108, 1.5365 0.8182 0.6108, 1.5365 0.8042 0.6068, 1.4162 0.8042 0.6068, 1.5365 0.7897 0.6054, 1.4162 0.7897 0.6054, 1.4162 -0.7283 0.6054, 1.5365 -0.7283 0.6054, 1.5365 1.0827 0.883, 1.4162 1.0827 0.883, 1.5365 -0.7283 0.883, 1.4162 -0.7283 0.883, 1.5365 1.1002 0.881, 1.4162 1.1002 0.881, 1.5365 1.1168 0.8752, 1.4162 1.1168 0.8752, 1.5365 1.1318 0.8658, 1.4162 1.1318 0.8658, 1.5365 1.1442 0.8533, 1.4162 1.1442 0.8533, 1.5365 1.1536 0.8384, 1.4162 1.1536 0.8384, 1.5365 1.1594 0.8217, 1.4162 1.1594 0.8217, 1.5365 1.1614 0.8042, 1.4162 1.1614 0.8042, 1.5365 1.1614 0.7981, 1.4162 1.1614 0.7981, 1.5365 1.1112 0.7247, 1.4162 1.1112 0.7247, 1.4162 1.1278 0.7336, 1.5365 1.1278 0.7336, 1.4162 1.1419 0.7461, 1.5365 1.1419 0.7461, 1.4162 1.1525 0.7617, 1.5365 1.1525 0.7617, 1.4162 1.1592 0.7794, 1.5365 1.1592 0.7794, -1.5394 0.8238 2.1838, -1.4134 0.8238 2.1838, -1.4134 0.812 2.181, -1.5394 0.812 2.181, -1.4134 0.7999 2.18, -1.5394 0.7999 2.18, -1.4134 -0.7283 2.4282, -1.4134 -0.7283 2.18, -1.4134 1.122 2.4282, -1.4134 1.146 2.2867, -1.4134 1.1629 2.2944, -1.4134 1.1776 2.3058, -1.4134 1.1891 2.3204, -1.4134 1.1969 2.3373, -1.4134 1.2006 2.3556, -1.4134 1.1966 2.3747, -1.4134 1.1881 2.3923, -1.4134 1.1755 2.4073, -1.4134 1.1596 2.4187, -1.4134 1.1414 2.4258, -1.5394 -0.7283 2.18, -1.5394 -0.7283 2.4282, -1.5394 1.1891 2.3204, -1.5394 1.1776 2.3058, -1.5394 1.122 2.4282, -1.5394 1.1629 2.2944, -1.5394 1.146 2.2867, -1.5394 1.1596 2.4187, -1.5394 1.1755 2.4073, -1.5394 1.1969 2.3373, -1.5394 1.1881 2.3923, -1.5394 1.1966 2.3747, -1.5394 1.2006 2.3556, -1.5394 1.1414 2.4258, -0.9489 0.8238 2.1838, -0.8228 0.8238 2.1838, -0.8228 0.812 2.181, -0.9489 0.812 2.181, -0.8228 0.7999 2.18, -0.9489 0.7999 2.18, -0.8228 -0.7283 2.4282, -0.8228 -0.7283 2.18, -0.8228 1.122 2.4282, -0.8228 1.146 2.2867, -0.8228 1.1629 2.2944, -0.8228 1.1776 2.3058, -0.8228 1.1891 2.3204, -0.8228 1.1969 2.3373, -0.8228 1.2006 2.3556, -0.8228 1.1966 2.3747, -0.8228 1.1881 2.3923, -0.8228 1.1755 2.4073, -0.8228 1.1596 2.4187, -0.8228 1.1414 2.4258, -0.9489 -0.7283 2.18, -0.9489 -0.7283 2.4282, -0.9489 1.1891 2.3204, -0.9489 1.1776 2.3058, -0.9489 1.122 2.4282, -0.9489 1.1629 2.2944, -0.9489 1.146 2.2867, -0.9489 1.1596 2.4187, -0.9489 1.1755 2.4073, -0.9489 1.1969 2.3373, -0.9489 1.1881 2.3923, -0.9489 1.1966 2.3747, -0.9489 1.2006 2.3556, -0.9489 1.1414 2.4258, -0.3583 0.8238 2.1838, -0.2323 0.8238 2.1838, -0.2323 0.812 2.181, -0.3583 0.812 2.181, -0.2323 0.7999 2.18, -0.3583 0.7999 2.18, -0.2323 1.1414 2.4258, -0.2323 1.122 2.4282, -0.2323 1.1969 2.3373, -0.2323 -0.7283 2.4282, -0.2323 -0.7283 2.18, -0.2323 1.1629 2.2944, -0.2323 1.1776 2.3058, -0.2323 1.1891 2.3204, -0.2323 1.146 2.2867, -0.2323 1.1881 2.3923, -0.2323 1.1966 2.3747, -0.2323 1.2006 2.3556, -0.2323 1.1755 2.4073, -0.2323 1.1596 2.4187, -0.3583 -0.7283 2.18, -0.3583 -0.7283 2.4282, -0.3583 1.1966 2.3747, -0.3583 1.2006 2.3556, -0.3583 1.1969 2.3373, -0.3583 1.122 2.4282, -0.3583 1.1891 2.3204, -0.3583 1.1776 2.3058, -0.3583 1.1629 2.2944, -0.3583 1.146 2.2867, -0.3583 1.1414 2.4258, -0.3583 1.1596 2.4187, -0.3583 1.1755 2.4073, -0.3583 1.1881 2.3923, 0.2323 0.8238 2.1838, 0.3583 0.8238 2.1838, 0.3583 0.812 2.181, 0.2323 0.812 2.181, 0.3583 0.7999 2.18, 0.2323 0.7999 2.18, 0.3583 -0.7283 2.4282, 0.3583 -0.7283 2.18, 0.3583 1.1629 2.2944, 0.3583 1.1776 2.3058, 0.3583 1.122 2.4282, 0.3583 1.146 2.2867, 0.3583 1.1891 2.3204, 0.3583 1.1969 2.3373, 0.3583 1.1414 2.4258, 0.3583 1.1966 2.3747, 0.3583 1.1881 2.3923, 0.3583 1.1755 2.4073, 0.3583 1.2006 2.3556, 0.3583 1.1596 2.4187, 0.2323 -0.7283 2.18, 0.2323 -0.7283 2.4282, 0.2323 1.1891 2.3204, 0.2323 1.1776 2.3058, 0.2323 1.122 2.4282, 0.2323 1.1966 2.3747, 0.2323 1.2006 2.3556, 0.2323 1.1969 2.3373, 0.2323 1.1629 2.2944, 0.2323 1.146 2.2867, 0.2323 1.1755 2.4073, 0.2323 1.1881 2.3923, 0.2323 1.1414 2.4258, 0.2323 1.1596 2.4187, 0.8228 0.8238 2.1838, 0.9489 0.8238 2.1838, 0.9489 0.812 2.181, 0.8228 0.812 2.181, 0.9489 0.7999 2.18, 0.8228 0.7999 2.18, 0.9489 -0.7283 2.4282, 0.9489 -0.7283 2.18, 0.9489 1.122 2.4282, 0.9489 1.146 2.2867, 0.9489 1.1629 2.2944, 0.9489 1.1776 2.3058, 0.9489 1.1891 2.3204, 0.9489 1.1969 2.3373, 0.9489 1.2006 2.3556, 0.9489 1.1966 2.3747, 0.9489 1.1881 2.3923, 0.9489 1.1755 2.4073, 0.9489 1.1596 2.4187, 0.9489 1.1414 2.4258, 0.8228 -0.7283 2.18, 0.8228 -0.7283 2.4282, 0.8228 1.1891 2.3204, 0.8228 1.1776 2.3058, 0.8228 1.122 2.4282, 0.8228 1.1629 2.2944, 0.8228 1.146 2.2867, 0.8228 1.1596 2.4187, 0.8228 1.1755 2.4073, 0.8228 1.1969 2.3373, 0.8228 1.1881 2.3923, 0.8228 1.1966 2.3747, 0.8228 1.2006 2.3556, 0.8228 1.1414 2.4258, 1.4134 0.8238 2.1838, 1.5394 0.8238 2.1838, 1.5394 0.812 2.181, 1.4134 0.812 2.181, 1.5394 0.7999 2.18, 1.4134 0.7999 2.18, 1.5394 -0.7283 2.4282, 1.5394 -0.7283 2.18, 1.5394 1.1629 2.2944, 1.5394 1.1776 2.3058, 1.5394 1.122 2.4282, 1.5394 1.146 2.2867, 1.5394 1.1891 2.3204, 1.5394 1.1969 2.3373, 1.5394 1.1414 2.4258, 1.5394 1.1881 2.3923, 1.5394 1.1966 2.3747, 1.5394 1.2006 2.3556, 1.5394 1.1755 2.4073, 1.5394 1.1596 2.4187, 1.4134 -0.7283 2.18, 1.4134 -0.7283 2.4282, 1.4134 1.1966 2.3747, 1.4134 1.2006 2.3556, 1.4134 1.1969 2.3373, 1.4134 1.1891 2.3204, 1.4134 1.1776 2.3058, 1.4134 1.122 2.4282, 1.4134 1.1629 2.2944, 1.4134 1.146 2.2867, 1.4134 1.1414 2.4258, 1.4134 1.1596 2.4187, 1.4134 1.1755 2.4073, 1.4134 1.1881 2.3923, -1.5551 1.4173 0.1181, -1.5551 1.4173 -0.0394, -1.5551 1.2209 0.1181, -1.5551 1.1787 -0.0394, -1.5551 1.2102 0.1193, -1.5551 1.1525 -0.0364, -1.5551 1.2 0.1229, -1.5551 1.0866 0.0049, -1.5551 1.1909 0.1286, -1.5551 1.1053 -0.0137, -1.5551 1.1276 -0.0277, -1.5551 -0.7283 0.1575, -1.5551 -0.7283 0.315, -1.5551 0.9117 0.1575, -1.5551 0.9117 0.315, -1.5551 0.9361 0.1547, -1.5551 0.9711 0.3083, -1.5551 0.9594 0.1466, -1.5551 1.0276 0.2886, -1.5551 0.9802 0.1336, -1.5551 1.0782 0.2568, -1.5551 0.9976 0.1162, -1.5551 1.1206 0.2146, -1.5551 1.1833 0.1362, -1.3976 0.9117 0.1575, -1.3976 0.9361 0.1547, -1.3976 0.9594 0.1466, -1.3976 0.9802 0.1336, -1.3976 0.9976 0.1162, -1.3976 1.1787 -0.0394, -1.3976 1.4173 -0.0394, -1.3976 1.4173 0.1181, -1.3976 1.2209 0.1181, -1.3976 1.2102 0.1193, -1.3976 1.1525 -0.0364, -1.3976 1.2 0.1229, -1.3976 -0.7283 0.315, -1.3976 -0.7283 0.1575, -1.3976 0.9117 0.315, -1.3976 0.9711 0.3083, -1.3976 1.0276 0.2886, -1.3976 1.0782 0.2568, -1.3976 1.1206 0.2146, -1.3976 1.1833 0.1362, -1.3976 1.0866 0.0049, -1.3976 1.1909 0.1286, -1.3976 1.1053 -0.0137, -1.3976 1.1276 -0.0277, -0.8071 1.1787 -0.0394, -0.8071 1.4173 -0.0394, -0.8071 1.4173 0.1181, -0.8071 1.2209 0.1181, -0.8071 1.2102 0.1193, -0.8071 1.1525 -0.0364, -0.8071 1.2 0.1229, -0.8071 -0.7283 0.315, -0.8071 -0.7283 0.1575, -0.8071 0.9117 0.315, -0.8071 0.9117 0.1575, -0.8071 0.9711 0.3083, -0.8071 0.9361 0.1547, -0.8071 1.0276 0.2886, -0.8071 0.9594 0.1466, -0.8071 1.0782 0.2568, -0.8071 0.9802 0.1336, -0.8071 1.1206 0.2146, -0.8071 0.9976 0.1162, -0.8071 1.1833 0.1362, -0.8071 1.0866 0.0049, -0.8071 1.1909 0.1286, -0.8071 1.1053 -0.0137, -0.8071 1.1276 -0.0277, -0.9646 1.4173 0.1181, -0.9646 1.4173 -0.0394, -0.9646 1.2209 0.1181, -0.9646 1.1787 -0.0394, -0.9646 1.2102 0.1193, -0.9646 1.1525 -0.0364, -0.9646 1.2 0.1229, -0.9646 1.0866 0.0049, -0.9646 1.1909 0.1286, -0.9646 1.1053 -0.0137, -0.9646 1.1276 -0.0277, -0.9646 -0.7283 0.1575, -0.9646 -0.7283 0.315, -0.9646 0.9117 0.1575, -0.9646 0.9117 0.315, -0.9646 0.9361 0.1547, -0.9646 0.9711 0.3083, -0.9646 0.9594 0.1466, -0.9646 1.0276 0.2886, -0.9646 0.9802 0.1336, -0.9646 1.0782 0.2568, -0.9646 0.9976 0.1162, -0.9646 1.1206 0.2146, -0.9646 1.1833 0.1362, -0.2165 1.1787 -0.0394, -0.2165 1.4173 -0.0394, -0.2165 1.4173 0.1181, -0.2165 1.2209 0.1181, -0.2165 1.2102 0.1193, -0.2165 1.1525 -0.0364, -0.2165 1.2 0.1229, -0.2165 -0.7283 0.315, -0.2165 -0.7283 0.1575, -0.2165 0.9117 0.315, -0.2165 0.9117 0.1575, -0.2165 0.9711 0.3083, -0.2165 0.9361 0.1547, -0.2165 1.0276 0.2886, -0.2165 0.9594 0.1466, -0.2165 1.0782 0.2568, -0.2165 0.9802 0.1336, -0.2165 1.1206 0.2146, -0.2165 0.9976 0.1162, -0.2165 1.1833 0.1362, -0.2165 1.0866 0.0049, -0.2165 1.1909 0.1286, -0.2165 1.1053 -0.0137, -0.2165 1.1276 -0.0277, -0.374 1.0866 0.0049, -0.374 1.1909 0.1286, -0.374 1.1053 -0.0137, -0.374 1.2 0.1229, -0.374 1.4173 0.1181, -0.374 1.4173 -0.0394, -0.374 1.2209 0.1181, -0.374 1.1787 -0.0394, -0.374 1.2102 0.1193, -0.374 1.1525 -0.0364, -0.374 1.1276 -0.0277, -0.374 -0.7283 0.1575, -0.374 -0.7283 0.315, -0.374 0.9117 0.1575, -0.374 0.9117 0.315, -0.374 0.9361 0.1547, -0.374 0.9711 0.3083, -0.374 0.9594 0.1466, -0.374 1.0276 0.2886, -0.374 0.9802 0.1336, -0.374 1.0782 0.2568, -0.374 0.9976 0.1162, -0.374 1.1206 0.2146, -0.374 1.1833 0.1362, 0.374 1.1787 -0.0394, 0.374 1.4173 -0.0394, 0.374 1.4173 0.1181, 0.374 1.2209 0.1181, 0.374 1.2102 0.1193, 0.374 1.1525 -0.0364, 0.374 1.2 0.1229, 0.374 -0.7283 0.315, 0.374 -0.7283 0.1575, 0.374 0.9117 0.315, 0.374 0.9117 0.1575, 0.374 0.9711 0.3083, 0.374 0.9361 0.1547, 0.374 1.0276 0.2886, 0.374 0.9594 0.1466, 0.374 1.0782 0.2568, 0.374 0.9802 0.1336, 0.374 1.1206 0.2146, 0.374 0.9976 0.1162, 0.374 1.1833 0.1362, 0.374 1.0866 0.0049, 0.374 1.1909 0.1286, 0.374 1.1053 -0.0137, 0.374 1.1276 -0.0277, 0.2165 1.0866 0.0049, 0.2165 1.1909 0.1286, 0.2165 1.1053 -0.0137, 0.2165 1.2 0.1229, 0.2165 1.4173 0.1181, 0.2165 1.4173 -0.0394, 0.2165 1.2209 0.1181, 0.2165 1.1787 -0.0394, 0.2165 1.2102 0.1193, 0.2165 1.1525 -0.0364, 0.2165 1.1276 -0.0277, 0.2165 -0.7283 0.1575, 0.2165 -0.7283 0.315, 0.2165 0.9117 0.1575, 0.2165 0.9117 0.315, 0.2165 0.9361 0.1547, 0.2165 0.9711 0.3083, 0.2165 0.9594 0.1466, 0.2165 1.0276 0.2886, 0.2165 0.9802 0.1336, 0.2165 1.0782 0.2568, 0.2165 0.9976 0.1162, 0.2165 1.1206 0.2146, 0.2165 1.1833 0.1362, 0.9646 1.1787 -0.0394, 0.9646 1.4173 -0.0394, 0.9646 1.4173 0.1181, 0.9646 1.2209 0.1181, 0.9646 1.2102 0.1193, 0.9646 1.1525 -0.0364, 0.9646 1.2 0.1229, 0.9646 -0.7283 0.315, 0.9646 -0.7283 0.1575, 0.9646 0.9117 0.315, 0.9646 0.9117 0.1575, 0.9646 0.9711 0.3083, 0.9646 0.9361 0.1547, 0.9646 1.0276 0.2886, 0.9646 0.9594 0.1466, 0.9646 1.0782 0.2568, 0.9646 0.9802 0.1336, 0.9646 1.1206 0.2146, 0.9646 0.9976 0.1162, 0.9646 1.1833 0.1362, 0.9646 1.0866 0.0049, 0.9646 1.1909 0.1286, 0.9646 1.1053 -0.0137, 0.9646 1.1276 -0.0277, 0.8071 1.4173 0.1181, 0.8071 1.4173 -0.0394, 0.8071 1.2209 0.1181, 0.8071 1.1787 -0.0394, 0.8071 1.2102 0.1193, 0.8071 1.1525 -0.0364, 0.8071 1.2 0.1229, 0.8071 1.0866 0.0049, 0.8071 1.1909 0.1286, 0.8071 1.1053 -0.0137, 0.8071 1.1276 -0.0277, 0.8071 -0.7283 0.1575, 0.8071 -0.7283 0.315, 0.8071 0.9117 0.1575, 0.8071 0.9117 0.315, 0.8071 0.9361 0.1547, 0.8071 0.9711 0.3083, 0.8071 0.9594 0.1466, 0.8071 1.0276 0.2886, 0.8071 0.9802 0.1336, 0.8071 1.0782 0.2568, 0.8071 0.9976 0.1162, 0.8071 1.1206 0.2146, 0.8071 1.1833 0.1362, -1.4162 0.8182 1.9286, -1.5365 0.8182 1.9286, -1.5365 0.8042 1.9326, -1.4162 0.8042 1.9326, -1.5365 0.7897 1.9339, -1.4162 0.7897 1.9339, -1.5365 1.1112 1.8147, -1.4162 1.1112 1.8147, -1.4162 1.1278 1.8058, -1.5365 1.1278 1.8058, -1.4162 1.1419 1.7932, -1.5365 1.1419 1.7932, -1.4162 1.1525 1.7777, -1.5365 1.1525 1.7777, -1.4162 1.1592 1.76, -1.5365 1.1592 1.76, -1.4162 1.1614 1.7413, -1.5365 1.1614 1.7413, -1.5365 1.1614 1.7352, -1.4162 1.1614 1.7352, -1.4162 1.0827 1.6564, -1.5365 1.0827 1.6564, -1.5365 1.1031 1.6591, -1.4162 1.1031 1.6591, -1.5365 1.122 1.667, -1.4162 1.122 1.667, -1.5365 1.1384 1.6795, -1.4162 1.1384 1.6795, -1.5365 1.1509 1.6958, -1.4162 1.1509 1.6958, -1.5365 1.1587 1.7148, -1.4162 1.1587 1.7148, -1.5365 -0.7283 1.6564, -1.4162 -0.7283 1.6564, -1.4162 -0.7283 1.9339, -1.5365 -0.7283 1.9339, 1.5551 1.1787 -0.0394, 1.5551 1.4173 -0.0394, 1.5551 1.4173 0.1181, 1.5551 1.2209 0.1181, 1.5551 1.2102 0.1193, 1.5551 1.1525 -0.0364, 1.5551 1.2 0.1229, 1.5551 -0.7283 0.315, 1.5551 -0.7283 0.1575, 1.5551 0.9117 0.315, 1.5551 0.9117 0.1575, 1.5551 0.9711 0.3083, 1.5551 0.9361 0.1547, 1.5551 1.0276 0.2886, 1.5551 0.9594 0.1466, 1.5551 1.0782 0.2568, 1.5551 0.9802 0.1336, 1.5551 1.1206 0.2146, 1.5551 0.9976 0.1162, 1.5551 1.1833 0.1362, 1.5551 1.0866 0.0049, 1.5551 1.1909 0.1286, 1.5551 1.1053 -0.0137, 1.5551 1.1276 -0.0277, 1.3976 1.4173 0.1181, 1.3976 1.4173 -0.0394, 1.3976 1.2209 0.1181, 1.3976 1.1787 -0.0394, 1.3976 1.2102 0.1193, 1.3976 1.1525 -0.0364, 1.3976 1.2 0.1229, 1.3976 1.0866 0.0049, 1.3976 1.1909 0.1286, 1.3976 1.1053 -0.0137, 1.3976 1.1276 -0.0277, 1.3976 -0.7283 0.1575, 1.3976 -0.7283 0.315, 1.3976 0.9117 0.1575, 1.3976 0.9117 0.315, 1.3976 0.9361 0.1547, 1.3976 0.9711 0.3083, 1.3976 0.9594 0.1466, 1.3976 1.0276 0.2886, 1.3976 0.9802 0.1336, 1.3976 1.0782 0.2568, 1.3976 0.9976 0.1162, 1.3976 1.1206 0.2146, 1.3976 1.1833 0.1362, -1.3976 -1.5354 0.1181, -1.3976 -1.5354 -0.0394, -1.3976 -1.2943 0.1181, -1.3976 -1.2324 -0.0394, -1.3976 -1.2454 1.5858, -1.3976 -1.2517 1.5777, -1.3976 -1.2693 0.7789, -1.3976 -1.2211 -0.0382, -1.3976 -1.2103 -0.0346, -1.3976 -1.2005 -0.0288, -1.3976 -1.2517 0.7687, -1.3976 -1.2454 0.7606, -1.3976 -1.2415 1.5953, -1.3976 -1.2598 0.775, -1.3976 -1.2415 0.7511, -1.3976 -1.0827 0.2391, -1.3976 -1.2402 1.6055, -1.3976 -1.0827 2.3425, -1.3976 -1.2402 2.3425, -1.3976 -1.2598 1.5714, -1.3976 -1.2693 1.5675, -1.3976 -1.2795 0.7802, -1.3976 -1.2795 1.5661, -1.3976 -1.2402 0.7409, -1.3976 -1.2402 0.2391, -1.3976 -1.0902 0.1791, -1.3976 -1.2428 0.218, -1.3976 -1.1123 0.1228, -1.3976 -1.2506 0.1982, -1.3976 -1.1857 -0.0116, -1.3976 -1.1922 -0.021, -1.3976 -1.2992 1.5609, -1.3976 -1.3189 1.5268, -1.3976 -1.2897 1.5648, -1.3976 -1.3041 0.7888, -1.3976 -1.2966 0.7841, -1.3976 -1.3103 0.7951, -1.3976 -1.2883 0.7812, -1.3976 -1.315 0.8025, -1.3976 -1.3074 1.5546, -1.3976 -1.3136 1.5465, -1.3976 -1.3176 1.537, -1.3976 -1.3189 0.8196, -1.3976 -1.3179 0.8109, -1.5551 -1.1123 0.1228, -1.5551 -1.0902 0.1791, -1.5551 -1.0827 0.2391, -1.5551 -1.5354 -0.0394, -1.5551 -1.5354 0.1181, -1.5551 -1.2324 -0.0394, -1.5551 -1.2943 0.1181, -1.5551 -1.2211 -0.0382, -1.5551 -1.2103 -0.0346, -1.5551 -1.2402 2.3425, -1.5551 -1.0827 2.3425, -1.5551 -1.2402 1.6055, -1.5551 -1.2415 1.5953, -1.5551 -1.2454 0.7606, -1.5551 -1.2517 0.7687, -1.5551 -1.2598 1.5714, -1.5551 -1.2517 1.5777, -1.5551 -1.2693 0.7789, -1.5551 -1.2897 1.5648, -1.5551 -1.2795 1.5661, -1.5551 -1.3189 1.5268, -1.5551 -1.2598 0.775, -1.5551 -1.2454 1.5858, -1.5551 -1.2415 0.7511, -1.5551 -1.2402 0.7409, -1.5551 -1.1857 -0.0116, -1.5551 -1.1922 -0.021, -1.5551 -1.2005 -0.0288, -1.5551 -1.2506 0.1982, -1.5551 -1.2428 0.218, -1.5551 -1.2402 0.2391, -1.5551 -1.3179 0.8109, -1.5551 -1.3189 0.8196, -1.5551 -1.2883 0.7812, -1.5551 -1.2795 0.7802, -1.5551 -1.2966 0.7841, -1.5551 -1.3041 0.7888, -1.5551 -1.3103 0.7951, -1.5551 -1.2693 1.5675, -1.5551 -1.3176 1.537, -1.5551 -1.3136 1.5465, -1.5551 -1.315 0.8025, -1.5551 -1.3074 1.5546, -1.5551 -1.2992 1.5609, -0.8071 -1.5354 0.1181, -0.8071 -1.5354 -0.0394, -0.8071 -1.2943 0.1181, -0.8071 -1.2324 -0.0394, -0.8071 -1.2211 -0.0382, -0.8071 -1.2103 -0.0346, -0.8071 -1.2005 -0.0288, -0.8071 -1.2454 0.7606, -0.8071 -1.2415 1.5953, -0.8071 -1.2517 0.7687, -0.8071 -1.2598 0.775, -0.8071 -1.2415 0.7511, -0.8071 -1.0902 0.1791, -0.8071 -1.0827 0.2391, -0.8071 -1.2693 0.7789, -0.8071 -1.2454 1.5858, -0.8071 -1.2517 1.5777, -0.8071 -1.2402 1.6055, -0.8071 -1.0827 2.3425, -0.8071 -1.2402 2.3425, -0.8071 -1.1123 0.1228, -0.8071 -1.2402 0.7409, -0.8071 -1.2402 0.2391, -0.8071 -1.2428 0.218, -0.8071 -1.2506 0.1982, -0.8071 -1.1857 -0.0116, -0.8071 -1.1922 -0.021, -0.8071 -1.2598 1.5714, -0.8071 -1.2693 1.5675, -0.8071 -1.2795 0.7802, -0.8071 -1.2795 1.5661, -0.8071 -1.2992 1.5609, -0.8071 -1.3189 1.5268, -0.8071 -1.2897 1.5648, -0.8071 -1.3041 0.7888, -0.8071 -1.2966 0.7841, -0.8071 -1.3103 0.7951, -0.8071 -1.2883 0.7812, -0.8071 -1.315 0.8025, -0.8071 -1.3074 1.5546, -0.8071 -1.3136 1.5465, -0.8071 -1.3176 1.537, -0.8071 -1.3189 0.8196, -0.8071 -1.3179 0.8109, -0.9646 -1.1123 0.1228, -0.9646 -1.0902 0.1791, -0.9646 -1.0827 0.2391, -0.9646 -1.5354 -0.0394, -0.9646 -1.5354 0.1181, -0.9646 -1.2324 -0.0394, -0.9646 -1.2943 0.1181, -0.9646 -1.2211 -0.0382, -0.9646 -1.2103 -0.0346, -0.9646 -1.2402 2.3425, -0.9646 -1.0827 2.3425, -0.9646 -1.2402 1.6055, -0.9646 -1.2415 1.5953, -0.9646 -1.2454 0.7606, -0.9646 -1.2517 0.7687, -0.9646 -1.2415 0.7511, -0.9646 -1.2402 0.7409, -0.9646 -1.2598 1.5714, -0.9646 -1.2517 1.5777, -0.9646 -1.2693 0.7789, -0.9646 -1.1857 -0.0116, -0.9646 -1.1922 -0.021, -0.9646 -1.2005 -0.0288, -0.9646 -1.2506 0.1982, -0.9646 -1.2428 0.218, -0.9646 -1.2402 0.2391, -0.9646 -1.2897 1.5648, -0.9646 -1.2795 1.5661, -0.9646 -1.3189 1.5268, -0.9646 -1.2598 0.775, -0.9646 -1.2454 1.5858, -0.9646 -1.3179 0.8109, -0.9646 -1.3189 0.8196, -0.9646 -1.2883 0.7812, -0.9646 -1.2795 0.7802, -0.9646 -1.2966 0.7841, -0.9646 -1.3041 0.7888, -0.9646 -1.3103 0.7951, -0.9646 -1.2693 1.5675, -0.9646 -1.3176 1.537, -0.9646 -1.3136 1.5465, -0.9646 -1.315 0.8025, -0.9646 -1.3074 1.5546, -0.9646 -1.2992 1.5609, -0.2165 -1.5354 0.1181, -0.2165 -1.5354 -0.0394, -0.2165 -1.2943 0.1181, -0.2165 -1.2324 -0.0394, -0.2165 -1.2454 1.5858, -0.2165 -1.2517 1.5777, -0.2165 -1.2693 0.7789, -0.2165 -1.2211 -0.0382, -0.2165 -1.2103 -0.0346, -0.2165 -1.2005 -0.0288, -0.2165 -1.2517 0.7687, -0.2165 -1.2454 0.7606, -0.2165 -1.2415 1.5953, -0.2165 -1.2598 0.775, -0.2165 -1.2415 0.7511, -0.2165 -1.0827 0.2391, -0.2165 -1.2402 1.6055, -0.2165 -1.0827 2.3425, -0.2165 -1.2402 2.3425, -0.2165 -1.2598 1.5714, -0.2165 -1.2693 1.5675, -0.2165 -1.2795 0.7802, -0.2165 -1.2795 1.5661, -0.2165 -1.2402 0.7409, -0.2165 -1.2402 0.2391, -0.2165 -1.0902 0.1791, -0.2165 -1.2428 0.218, -0.2165 -1.1123 0.1228, -0.2165 -1.2506 0.1982, -0.2165 -1.1857 -0.0116, -0.2165 -1.1922 -0.021, -0.2165 -1.2992 1.5609, -0.2165 -1.3189 1.5268, -0.2165 -1.2897 1.5648, -0.2165 -1.3041 0.7888, -0.2165 -1.2966 0.7841, -0.2165 -1.3103 0.7951, -0.2165 -1.2883 0.7812, -0.2165 -1.315 0.8025, -0.2165 -1.3074 1.5546, -0.2165 -1.3136 1.5465, -0.2165 -1.3176 1.537, -0.2165 -1.3189 0.8196, -0.2165 -1.3179 0.8109, -0.374 -1.1123 0.1228, -0.374 -1.0902 0.1791, -0.374 -1.0827 0.2391, -0.374 -1.5354 -0.0394, -0.374 -1.5354 0.1181, -0.374 -1.2324 -0.0394, -0.374 -1.2943 0.1181, -0.374 -1.2211 -0.0382, -0.374 -1.2103 -0.0346, -0.374 -1.2402 2.3425, -0.374 -1.0827 2.3425, -0.374 -1.2402 1.6055, -0.374 -1.2415 1.5953, -0.374 -1.2454 0.7606, -0.374 -1.2517 0.7687, -0.374 -1.2598 1.5714, -0.374 -1.2517 1.5777, -0.374 -1.2693 0.7789, -0.374 -1.2897 1.5648, -0.374 -1.2795 1.5661, -0.374 -1.3189 1.5268, -0.374 -1.2598 0.775, -0.374 -1.2454 1.5858, -0.374 -1.2415 0.7511, -0.374 -1.2402 0.7409, -0.374 -1.1857 -0.0116, -0.374 -1.1922 -0.021, -0.374 -1.2005 -0.0288, -0.374 -1.2506 0.1982, -0.374 -1.2428 0.218, -0.374 -1.2402 0.2391, -0.374 -1.3179 0.8109, -0.374 -1.3189 0.8196, -0.374 -1.2883 0.7812, -0.374 -1.2795 0.7802, -0.374 -1.2966 0.7841, -0.374 -1.3041 0.7888, -0.374 -1.3103 0.7951, -0.374 -1.2693 1.5675, -0.374 -1.3176 1.537, -0.374 -1.3136 1.5465, -0.374 -1.315 0.8025, -0.374 -1.3074 1.5546, -0.374 -1.2992 1.5609, 0.374 -1.5354 0.1181, 0.374 -1.5354 -0.0394, 0.374 -1.2943 0.1181, 0.374 -1.2324 -0.0394, 0.374 -1.2211 -0.0382, 0.374 -1.2103 -0.0346, 0.374 -1.2005 -0.0288, 0.374 -1.2454 1.5858, 0.374 -1.2517 1.5777, 0.374 -1.2693 0.7789, 0.374 -1.2517 0.7687, 0.374 -1.2454 0.7606, 0.374 -1.2415 1.5953, 0.374 -1.2598 1.5714, 0.374 -1.2693 1.5675, 0.374 -1.2795 0.7802, 0.374 -1.2795 1.5661, 0.374 -1.2598 0.775, 0.374 -1.2415 0.7511, 0.374 -1.0827 0.2391, 0.374 -1.2402 1.6055, 0.374 -1.0827 2.3425, 0.374 -1.2402 2.3425, 0.374 -1.2402 0.7409, 0.374 -1.2402 0.2391, 0.374 -1.0902 0.1791, 0.374 -1.2428 0.218, 0.374 -1.1123 0.1228, 0.374 -1.2506 0.1982, 0.374 -1.1857 -0.0116, 0.374 -1.1922 -0.021, 0.374 -1.2992 1.5609, 0.374 -1.3189 1.5268, 0.374 -1.2897 1.5648, 0.374 -1.3041 0.7888, 0.374 -1.2966 0.7841, 0.374 -1.3103 0.7951, 0.374 -1.2883 0.7812, 0.374 -1.315 0.8025, 0.374 -1.3074 1.5546, 0.374 -1.3136 1.5465, 0.374 -1.3176 1.537, 0.374 -1.3189 0.8196, 0.374 -1.3179 0.8109, 0.2165 -1.1123 0.1228, 0.2165 -1.0902 0.1791, 0.2165 -1.0827 0.2391, 0.2165 -1.5354 -0.0394, 0.2165 -1.5354 0.1181, 0.2165 -1.2324 -0.0394, 0.2165 -1.2943 0.1181, 0.2165 -1.2211 -0.0382, 0.2165 -1.2103 -0.0346, 0.2165 -1.2402 2.3425, 0.2165 -1.0827 2.3425, 0.2165 -1.2402 1.6055, 0.2165 -1.2415 1.5953, 0.2165 -1.2454 0.7606, 0.2165 -1.2517 0.7687, 0.2165 -1.2598 0.775, 0.2165 -1.2693 0.7789, 0.2165 -1.2598 1.5714, 0.2165 -1.2517 1.5777, 0.2165 -1.2454 1.5858, 0.2165 -1.2415 0.7511, 0.2165 -1.2402 0.7409, 0.2165 -1.2897 1.5648, 0.2165 -1.2795 1.5661, 0.2165 -1.3189 1.5268, 0.2165 -1.1857 -0.0116, 0.2165 -1.1922 -0.021, 0.2165 -1.2005 -0.0288, 0.2165 -1.2506 0.1982, 0.2165 -1.2428 0.218, 0.2165 -1.2402 0.2391, 0.2165 -1.3179 0.8109, 0.2165 -1.3189 0.8196, 0.2165 -1.2883 0.7812, 0.2165 -1.2795 0.7802, 0.2165 -1.2966 0.7841, 0.2165 -1.3041 0.7888, 0.2165 -1.3103 0.7951, 0.2165 -1.2693 1.5675, 0.2165 -1.3176 1.537, 0.2165 -1.3136 1.5465, 0.2165 -1.315 0.8025, 0.2165 -1.3074 1.5546, 0.2165 -1.2992 1.5609, 0.9646 -1.5354 0.1181, 0.9646 -1.5354 -0.0394, 0.9646 -1.2943 0.1181, 0.9646 -1.2324 -0.0394, 0.9646 -1.2454 1.5858, 0.9646 -1.2517 1.5777, 0.9646 -1.2693 0.7789, 0.9646 -1.2211 -0.0382, 0.9646 -1.2103 -0.0346, 0.9646 -1.2005 -0.0288, 0.9646 -1.2517 0.7687, 0.9646 -1.2454 0.7606, 0.9646 -1.2415 1.5953, 0.9646 -1.2598 0.775, 0.9646 -1.2415 0.7511, 0.9646 -1.0827 0.2391, 0.9646 -1.2402 1.6055, 0.9646 -1.0827 2.3425, 0.9646 -1.2402 2.3425, 0.9646 -1.2598 1.5714, 0.9646 -1.2693 1.5675, 0.9646 -1.2795 0.7802, 0.9646 -1.2795 1.5661, 0.9646 -1.2402 0.7409, 0.9646 -1.2402 0.2391, 0.9646 -1.0902 0.1791, 0.9646 -1.2428 0.218, 0.9646 -1.1123 0.1228, 0.9646 -1.2506 0.1982, 0.9646 -1.1857 -0.0116, 0.9646 -1.1922 -0.021, 0.9646 -1.2992 1.5609, 0.9646 -1.3189 1.5268, 0.9646 -1.2897 1.5648, 0.9646 -1.3041 0.7888, 0.9646 -1.2966 0.7841, 0.9646 -1.3103 0.7951, 0.9646 -1.2883 0.7812, 0.9646 -1.315 0.8025, 0.9646 -1.3074 1.5546, 0.9646 -1.3136 1.5465, 0.9646 -1.3176 1.537, 0.9646 -1.3189 0.8196, 0.9646 -1.3179 0.8109, 0.8071 -1.1123 0.1228, 0.8071 -1.0902 0.1791, 0.8071 -1.0827 0.2391, 0.8071 -1.5354 -0.0394, 0.8071 -1.5354 0.1181, 0.8071 -1.2324 -0.0394, 0.8071 -1.2943 0.1181, 0.8071 -1.2211 -0.0382, 0.8071 -1.2103 -0.0346, 0.8071 -1.2402 2.3425, 0.8071 -1.0827 2.3425, 0.8071 -1.2402 1.6055, 0.8071 -1.2415 1.5953, 0.8071 -1.2454 0.7606, 0.8071 -1.2517 0.7687, 0.8071 -1.2598 1.5714, 0.8071 -1.2517 1.5777, 0.8071 -1.2693 0.7789, 0.8071 -1.2897 1.5648, 0.8071 -1.2795 1.5661, 0.8071 -1.3189 1.5268, 0.8071 -1.2598 0.775, 0.8071 -1.2454 1.5858, 0.8071 -1.2415 0.7511, 0.8071 -1.2402 0.7409, 0.8071 -1.1857 -0.0116, 0.8071 -1.1922 -0.021, 0.8071 -1.2005 -0.0288, 0.8071 -1.2506 0.1982, 0.8071 -1.2428 0.218, 0.8071 -1.2402 0.2391, 0.8071 -1.3179 0.8109, 0.8071 -1.3189 0.8196, 0.8071 -1.2883 0.7812, 0.8071 -1.2795 0.7802, 0.8071 -1.2966 0.7841, 0.8071 -1.3041 0.7888, 0.8071 -1.3103 0.7951, 0.8071 -1.2693 1.5675, 0.8071 -1.3176 1.537, 0.8071 -1.3136 1.5465, 0.8071 -1.315 0.8025, 0.8071 -1.3074 1.5546, 0.8071 -1.2992 1.5609, 1.5551 -1.5354 0.1181, 1.5551 -1.5354 -0.0394, 1.5551 -1.2943 0.1181, 1.5551 -1.2324 -0.0394, 1.5551 -1.2454 1.5858, 1.5551 -1.2517 1.5777, 1.5551 -1.2693 0.7789, 1.5551 -1.2211 -0.0382, 1.5551 -1.2103 -0.0346, 1.5551 -1.2005 -0.0288, 1.5551 -1.2517 0.7687, 1.5551 -1.2454 0.7606, 1.5551 -1.2415 1.5953, 1.5551 -1.2598 0.775, 1.5551 -1.2415 0.7511, 1.5551 -1.0827 0.2391, 1.5551 -1.2402 1.6055, 1.5551 -1.0827 2.3425, 1.5551 -1.2402 2.3425, 1.5551 -1.2598 1.5714, 1.5551 -1.2693 1.5675, 1.5551 -1.2795 0.7802, 1.5551 -1.2795 1.5661, 1.5551 -1.2402 0.7409, 1.5551 -1.2402 0.2391, 1.5551 -1.0902 0.1791, 1.5551 -1.2428 0.218, 1.5551 -1.1123 0.1228, 1.5551 -1.2506 0.1982, 1.5551 -1.1857 -0.0116, 1.5551 -1.1922 -0.021, 1.5551 -1.2992 1.5609, 1.5551 -1.3189 1.5268, 1.5551 -1.2897 1.5648, 1.5551 -1.3041 0.7888, 1.5551 -1.2966 0.7841, 1.5551 -1.3103 0.7951, 1.5551 -1.2883 0.7812, 1.5551 -1.315 0.8025, 1.5551 -1.3074 1.5546, 1.5551 -1.3136 1.5465, 1.5551 -1.3176 1.537, 1.5551 -1.3189 0.8196, 1.5551 -1.3179 0.8109, 1.3976 -1.1123 0.1228, 1.3976 -1.0902 0.1791, 1.3976 -1.0827 0.2391, 1.3976 -1.5354 -0.0394, 1.3976 -1.5354 0.1181, 1.3976 -1.2324 -0.0394, 1.3976 -1.2943 0.1181, 1.3976 -1.2211 -0.0382, 1.3976 -1.2103 -0.0346, 1.3976 -1.2402 2.3425, 1.3976 -1.0827 2.3425, 1.3976 -1.2402 1.6055, 1.3976 -1.2415 1.5953, 1.3976 -1.2454 0.7606, 1.3976 -1.2517 0.7687, 1.3976 -1.2598 1.5714, 1.3976 -1.2517 1.5777, 1.3976 -1.2693 0.7789, 1.3976 -1.2897 1.5648, 1.3976 -1.2795 1.5661, 1.3976 -1.3189 1.5268, 1.3976 -1.2598 0.775, 1.3976 -1.2454 1.5858, 1.3976 -1.2415 0.7511, 1.3976 -1.2402 0.7409, 1.3976 -1.1857 -0.0116, 1.3976 -1.1922 -0.021, 1.3976 -1.2005 -0.0288, 1.3976 -1.2506 0.1982, 1.3976 -1.2428 0.218, 1.3976 -1.2402 0.2391, 1.3976 -1.3179 0.8109, 1.3976 -1.3189 0.8196, 1.3976 -1.2883 0.7812, 1.3976 -1.2795 0.7802, 1.3976 -1.2966 0.7841, 1.3976 -1.3041 0.7888, 1.3976 -1.3103 0.7951, 1.3976 -1.2693 1.5675, 1.3976 -1.3176 1.537, 1.3976 -1.3136 1.5465, 1.3976 -1.315 0.8025, 1.3976 -1.3074 1.5546, 1.3976 -1.2992 1.5609, 1.5473 -0.7283 0.1181, 1.5748 -0.7283 0.1181, 1.5748 0.9252 0.1181, 1.378 0.9252 0.1181, 1.378 -0.7283 0.1181, 1.4055 -0.7283 0.1181, 1.538 -0.7283 0.1181, 1.538 -0.7283 0.1181
            ]
        }
        coordIndex [
            0,1,2,-1,0,2,3,-1,3,2,4,-1,3,4,5,-1,5,4,6,-1,6,4,7,-1,8,9,10,-1,10,9,11,-1,9,8,12,-1,9,12,13,-1,13,12,14,-1,13,14,15,-1,15,14,16,-1,15,16,17,-1,17,16,18,-1,17,18,19,-1,19,18,20,-1,19,20,21,-1,21,20,22,-1,21,22,23,-1,23,22,24,-1,23,24,25,-1,26,27,24,-1,24,27,25,-1,28,29,30,-1,28,30,31,-1,31,30,32,-1,31,32,33,-1,33,32,34,-1,33,34,35,-1,35,34,36,-1,35,36,37,-1,37,36,27,-1,37,27,26,-1,1,0,28,-1,28,0,29,-1,38,39,40,-1,38,40,41,-1,41,40,42,-1,41,42,43,-1,44,45,42,-1,42,40,44,-1,44,40,39,-1,44,39,46,-1,46,39,47,-1,46,47,48,-1,48,49,46,-1,46,49,50,-1,46,50,51,-1,52,53,51,-1,51,53,54,-1,51,54,55,-1,55,56,51,-1,51,56,57,-1,51,57,46,-1,43,58,59,-1,43,59,41,-1,60,61,62,-1,61,63,62,-1,62,63,64,-1,62,64,59,-1,59,64,38,-1,59,38,41,-1,65,66,67,-1,66,68,67,-1,67,68,69,-1,67,69,70,-1,60,62,67,-1,67,62,71,-1,67,71,65,-1,72,73,74,-1,72,74,75,-1,75,74,76,-1,75,76,77,-1,78,79,76,-1,76,74,78,-1,78,74,73,-1,78,73,80,-1,80,73,81,-1,80,81,82,-1,82,83,80,-1,80,83,84,-1,80,84,85,-1,86,87,85,-1,85,87,88,-1,85,88,89,-1,89,90,85,-1,85,90,91,-1,85,91,80,-1,77,92,93,-1,77,93,75,-1,94,95,96,-1,95,97,96,-1,96,97,98,-1,96,98,93,-1,93,98,72,-1,93,72,75,-1,99,100,101,-1,100,102,101,-1,101,102,103,-1,101,103,104,-1,94,96,101,-1,101,96,105,-1,101,105,99,-1,106,107,108,-1,106,108,109,-1,109,108,110,-1,109,110,111,-1,112,113,114,-1,115,116,110,-1,117,118,113,-1,113,118,119,-1,113,119,114,-1,110,108,115,-1,115,108,107,-1,115,107,113,-1,113,107,120,-1,113,120,117,-1,121,114,122,-1,122,114,123,-1,121,124,114,-1,114,124,125,-1,114,125,112,-1,111,126,127,-1,111,127,109,-1,128,129,130,-1,131,132,133,-1,133,134,131,-1,131,134,135,-1,131,135,127,-1,127,135,106,-1,127,106,109,-1,132,131,130,-1,130,131,136,-1,130,136,137,-1,137,138,130,-1,130,138,139,-1,130,139,128,-1,140,141,142,-1,140,142,143,-1,143,142,144,-1,143,144,145,-1,146,147,144,-1,148,149,150,-1,144,142,146,-1,146,142,141,-1,146,141,150,-1,150,141,151,-1,150,151,148,-1,149,152,150,-1,150,152,153,-1,150,153,154,-1,155,156,157,-1,153,158,154,-1,154,158,155,-1,154,155,159,-1,159,155,157,-1,145,160,161,-1,145,161,143,-1,162,163,164,-1,165,166,167,-1,163,168,164,-1,164,168,169,-1,164,169,161,-1,161,169,140,-1,161,140,143,-1,170,171,165,-1,162,164,167,-1,167,164,172,-1,167,172,165,-1,165,172,173,-1,165,173,170,-1,174,175,176,-1,174,176,177,-1,177,176,178,-1,177,178,179,-1,180,181,178,-1,178,176,180,-1,180,176,175,-1,180,175,182,-1,182,175,183,-1,182,183,184,-1,184,185,182,-1,182,185,186,-1,182,186,187,-1,188,189,187,-1,187,189,190,-1,187,190,191,-1,191,192,187,-1,187,192,193,-1,187,193,182,-1,179,194,195,-1,179,195,177,-1,196,197,198,-1,197,199,198,-1,198,199,200,-1,198,200,195,-1,195,200,174,-1,195,174,177,-1,201,202,203,-1,202,204,203,-1,203,204,205,-1,203,205,206,-1,196,198,203,-1,203,198,207,-1,203,207,201,-1,208,209,210,-1,208,210,211,-1,211,210,212,-1,211,212,213,-1,214,215,212,-1,216,217,218,-1,212,210,214,-1,214,210,209,-1,214,209,218,-1,218,209,219,-1,218,219,216,-1,217,220,218,-1,218,220,221,-1,218,221,222,-1,223,221,224,-1,224,221,225,-1,223,226,221,-1,221,226,227,-1,221,227,222,-1,213,228,229,-1,213,229,211,-1,230,231,232,-1,233,234,235,-1,234,236,235,-1,235,236,237,-1,235,237,229,-1,229,237,208,-1,229,208,211,-1,233,235,232,-1,232,235,238,-1,232,238,239,-1,239,240,232,-1,232,240,241,-1,232,241,230,-1,242,243,244,-1,244,243,245,-1,244,245,246,-1,246,245,247,-1,246,247,248,-1,249,250,251,-1,251,250,248,-1,251,248,252,-1,252,248,247,-1,253,254,255,-1,255,254,256,-1,255,256,257,-1,257,256,258,-1,257,258,259,-1,259,258,260,-1,259,260,261,-1,261,260,262,-1,261,262,263,-1,263,262,264,-1,263,264,249,-1,249,264,265,-1,249,265,250,-1,266,255,267,-1,267,255,257,-1,267,257,268,-1,268,257,259,-1,268,259,269,-1,269,259,261,-1,269,261,270,-1,270,261,263,-1,271,272,273,-1,273,274,271,-1,271,274,275,-1,271,275,276,-1,276,275,277,-1,278,279,280,-1,280,279,266,-1,280,266,281,-1,281,266,267,-1,281,267,282,-1,282,267,268,-1,282,268,283,-1,283,268,269,-1,283,269,284,-1,284,269,270,-1,284,270,285,-1,285,270,286,-1,285,286,287,-1,287,286,288,-1,287,288,277,-1,277,288,289,-1,277,289,276,-1,290,291,292,-1,292,293,290,-1,290,293,294,-1,290,294,295,-1,295,294,296,-1,297,298,299,-1,299,298,300,-1,299,300,301,-1,301,300,302,-1,301,302,303,-1,303,302,304,-1,303,304,305,-1,305,304,306,-1,305,306,307,-1,307,306,308,-1,307,308,309,-1,309,308,310,-1,309,310,311,-1,311,310,312,-1,311,312,296,-1,296,312,313,-1,296,313,295,-1,314,315,316,-1,316,315,317,-1,316,317,318,-1,318,317,319,-1,318,319,320,-1,321,322,323,-1,323,322,320,-1,323,320,324,-1,324,320,319,-1,325,326,327,-1,327,326,328,-1,327,328,329,-1,329,328,330,-1,329,330,331,-1,331,330,332,-1,331,332,333,-1,333,332,334,-1,333,334,335,-1,335,334,336,-1,335,336,321,-1,321,336,337,-1,321,337,322,-1,300,327,302,-1,302,327,329,-1,302,329,304,-1,304,329,331,-1,304,331,306,-1,306,331,333,-1,306,333,308,-1,308,333,335,-1,338,339,340,-1,340,341,338,-1,338,341,342,-1,338,342,343,-1,343,342,344,-1,345,346,347,-1,347,346,348,-1,347,348,349,-1,349,348,350,-1,349,350,351,-1,351,350,352,-1,351,352,353,-1,353,352,354,-1,353,354,355,-1,355,354,356,-1,355,356,357,-1,357,356,358,-1,357,358,359,-1,359,358,360,-1,359,360,344,-1,344,360,361,-1,344,361,343,-1,362,363,364,-1,364,363,365,-1,366,367,368,-1,368,367,369,-1,368,369,370,-1,370,369,371,-1,370,371,365,-1,365,371,372,-1,365,372,364,-1,373,374,375,-1,375,374,376,-1,375,376,377,-1,377,376,378,-1,377,378,379,-1,379,378,380,-1,379,380,381,-1,381,380,382,-1,381,382,383,-1,383,382,384,-1,383,384,362,-1,362,384,385,-1,362,385,363,-1,348,375,350,-1,350,375,377,-1,350,377,352,-1,352,377,379,-1,352,379,354,-1,354,379,381,-1,354,381,356,-1,356,381,383,-1,386,387,388,-1,388,389,386,-1,386,389,390,-1,386,390,391,-1,391,390,392,-1,393,394,395,-1,395,394,396,-1,395,396,397,-1,397,396,398,-1,397,398,399,-1,399,398,400,-1,399,400,401,-1,401,400,402,-1,401,402,403,-1,403,402,404,-1,403,404,405,-1,405,404,406,-1,405,406,407,-1,407,406,408,-1,407,408,392,-1,392,408,409,-1,392,409,391,-1,410,411,412,-1,412,411,413,-1,414,415,416,-1,416,415,417,-1,416,417,418,-1,418,417,419,-1,418,419,413,-1,413,419,420,-1,413,420,412,-1,421,422,423,-1,423,422,424,-1,423,424,425,-1,425,424,426,-1,425,426,427,-1,427,426,428,-1,427,428,429,-1,429,428,430,-1,429,430,431,-1,431,430,432,-1,431,432,410,-1,410,432,433,-1,410,433,411,-1,396,423,398,-1,398,423,425,-1,398,425,400,-1,400,425,427,-1,400,427,402,-1,402,427,429,-1,402,429,404,-1,404,429,431,-1,434,435,436,-1,436,437,434,-1,434,437,438,-1,434,438,439,-1,439,438,440,-1,441,442,443,-1,443,442,444,-1,443,444,445,-1,445,444,446,-1,445,446,447,-1,447,446,448,-1,447,448,449,-1,449,448,450,-1,449,450,451,-1,451,450,452,-1,451,452,453,-1,453,452,454,-1,453,454,455,-1,455,454,456,-1,455,456,440,-1,440,456,457,-1,440,457,439,-1,458,459,460,-1,460,459,461,-1,460,461,462,-1,462,461,463,-1,462,463,464,-1,465,466,467,-1,467,466,464,-1,467,464,468,-1,468,464,463,-1,469,470,471,-1,471,470,472,-1,471,472,473,-1,473,472,474,-1,473,474,475,-1,475,474,476,-1,475,476,477,-1,477,476,478,-1,477,478,479,-1,479,478,480,-1,479,480,465,-1,465,480,481,-1,465,481,466,-1,444,471,446,-1,446,471,473,-1,446,473,448,-1,448,473,475,-1,448,475,450,-1,450,475,477,-1,450,477,452,-1,452,477,479,-1,482,483,484,-1,482,484,485,-1,485,484,486,-1,485,486,487,-1,483,482,488,-1,488,482,489,-1,488,489,490,-1,488,490,491,-1,491,490,492,-1,491,492,493,-1,493,492,494,-1,493,494,495,-1,495,494,496,-1,495,496,497,-1,497,496,498,-1,497,498,499,-1,499,498,500,-1,500,498,501,-1,502,503,504,-1,502,504,505,-1,505,504,506,-1,505,506,507,-1,507,506,508,-1,507,508,509,-1,509,508,510,-1,509,510,511,-1,511,510,512,-1,511,512,513,-1,513,512,500,-1,513,500,501,-1,503,502,514,-1,514,502,515,-1,487,486,516,-1,516,486,517,-1,518,519,520,-1,520,521,518,-1,518,521,522,-1,518,522,523,-1,523,522,524,-1,525,526,527,-1,527,526,528,-1,527,528,529,-1,529,528,530,-1,529,530,531,-1,531,530,532,-1,531,532,533,-1,533,532,534,-1,533,534,535,-1,535,534,536,-1,535,536,537,-1,537,536,538,-1,537,538,539,-1,539,538,540,-1,539,540,524,-1,524,540,541,-1,524,541,523,-1,542,543,544,-1,544,543,545,-1,544,545,546,-1,546,545,547,-1,546,547,548,-1,549,550,551,-1,551,550,548,-1,551,548,552,-1,552,548,547,-1,553,554,555,-1,555,554,556,-1,555,556,557,-1,557,556,558,-1,557,558,559,-1,559,558,560,-1,559,560,561,-1,561,560,562,-1,561,562,563,-1,563,562,564,-1,563,564,549,-1,549,564,565,-1,549,565,550,-1,528,555,530,-1,530,555,557,-1,530,557,532,-1,532,557,559,-1,532,559,534,-1,534,559,561,-1,534,561,536,-1,536,561,563,-1,566,567,568,-1,568,567,569,-1,570,571,572,-1,569,573,568,-1,568,573,574,-1,568,574,575,-1,576,577,578,-1,570,572,578,-1,578,572,579,-1,578,579,576,-1,577,580,578,-1,578,580,581,-1,578,581,582,-1,582,581,583,-1,582,583,584,-1,571,585,572,-1,572,585,586,-1,572,586,587,-1,587,586,588,-1,580,589,581,-1,581,589,590,-1,581,590,591,-1,591,590,592,-1,591,592,593,-1,593,592,594,-1,593,594,595,-1,595,594,568,-1,595,568,596,-1,596,568,575,-1,597,598,599,-1,599,598,588,-1,600,601,602,-1,602,601,603,-1,602,603,604,-1,597,605,598,-1,598,605,606,-1,598,606,607,-1,588,598,587,-1,587,598,608,-1,587,608,603,-1,603,608,609,-1,603,609,604,-1,593,610,611,-1,593,611,591,-1,591,611,612,-1,591,612,581,-1,613,614,615,-1,615,614,616,-1,615,616,617,-1,617,616,618,-1,619,620,621,-1,621,620,612,-1,621,612,622,-1,623,624,622,-1,625,626,627,-1,628,629,630,-1,624,631,622,-1,622,631,627,-1,622,627,632,-1,632,627,626,-1,623,622,633,-1,633,622,612,-1,633,612,634,-1,635,636,616,-1,616,636,637,-1,616,637,618,-1,635,616,610,-1,610,616,638,-1,610,638,611,-1,611,638,639,-1,611,639,612,-1,612,639,640,-1,612,640,634,-1,641,642,643,-1,643,642,644,-1,645,646,647,-1,625,627,648,-1,648,627,644,-1,648,644,629,-1,629,644,642,-1,629,642,630,-1,630,649,650,-1,645,647,643,-1,643,647,651,-1,643,651,641,-1,650,652,630,-1,630,652,653,-1,630,653,628,-1,654,655,656,-1,656,655,657,-1,657,658,656,-1,656,658,659,-1,656,659,660,-1,661,662,663,-1,663,662,664,-1,665,666,667,-1,664,662,668,-1,668,662,669,-1,668,669,670,-1,661,665,662,-1,662,665,667,-1,662,667,671,-1,671,667,672,-1,671,672,673,-1,666,665,674,-1,674,665,675,-1,674,675,676,-1,676,677,674,-1,674,677,678,-1,674,678,679,-1,679,678,656,-1,679,656,680,-1,680,656,660,-1,670,681,668,-1,668,681,682,-1,668,682,683,-1,683,682,684,-1,685,686,687,-1,687,686,684,-1,688,689,690,-1,690,689,691,-1,690,691,692,-1,685,693,686,-1,686,693,694,-1,686,694,695,-1,684,686,683,-1,683,686,696,-1,683,696,691,-1,691,696,697,-1,691,697,692,-1,674,698,699,-1,674,699,666,-1,666,699,700,-1,666,700,667,-1,701,702,703,-1,703,702,704,-1,703,704,705,-1,705,704,706,-1,707,708,709,-1,709,708,700,-1,709,700,710,-1,710,711,712,-1,711,710,713,-1,713,710,700,-1,713,700,714,-1,715,716,717,-1,718,719,704,-1,704,719,720,-1,704,720,706,-1,718,704,698,-1,698,704,721,-1,698,721,699,-1,699,721,722,-1,699,722,700,-1,700,722,723,-1,700,723,714,-1,724,725,726,-1,712,727,710,-1,710,727,717,-1,710,717,728,-1,728,717,716,-1,729,730,731,-1,731,730,732,-1,733,734,735,-1,715,717,736,-1,736,717,732,-1,736,732,725,-1,725,732,730,-1,725,730,726,-1,726,737,738,-1,733,735,731,-1,731,735,739,-1,731,739,729,-1,738,740,726,-1,726,740,741,-1,726,741,724,-1,742,743,744,-1,744,743,745,-1,746,747,748,-1,745,749,744,-1,744,749,750,-1,744,750,751,-1,752,753,754,-1,746,748,754,-1,754,748,755,-1,754,755,752,-1,753,756,754,-1,754,756,757,-1,754,757,758,-1,758,757,759,-1,758,759,760,-1,747,761,748,-1,748,761,762,-1,748,762,763,-1,763,762,764,-1,756,765,757,-1,757,765,766,-1,757,766,767,-1,767,766,768,-1,767,768,769,-1,769,768,770,-1,769,770,771,-1,771,770,744,-1,771,744,772,-1,772,744,751,-1,773,774,775,-1,775,774,764,-1,776,777,778,-1,778,777,779,-1,778,779,780,-1,773,781,774,-1,774,781,782,-1,774,782,783,-1,764,774,763,-1,763,774,784,-1,763,784,779,-1,779,784,785,-1,779,785,780,-1,769,786,787,-1,769,787,767,-1,767,787,788,-1,767,788,757,-1,789,790,791,-1,791,790,792,-1,791,792,793,-1,793,792,794,-1,795,796,797,-1,797,796,788,-1,797,788,798,-1,799,800,798,-1,801,802,803,-1,804,805,806,-1,800,807,798,-1,798,807,803,-1,798,803,808,-1,808,803,802,-1,799,798,809,-1,809,798,788,-1,809,788,810,-1,811,812,792,-1,792,812,813,-1,792,813,794,-1,811,792,786,-1,786,792,814,-1,786,814,787,-1,787,814,815,-1,787,815,788,-1,788,815,816,-1,788,816,810,-1,817,818,819,-1,819,818,820,-1,821,822,823,-1,801,803,824,-1,824,803,820,-1,824,820,805,-1,805,820,818,-1,805,818,806,-1,806,825,826,-1,821,823,819,-1,819,823,827,-1,819,827,817,-1,826,828,806,-1,806,828,829,-1,806,829,804,-1,830,831,832,-1,832,831,833,-1,833,834,832,-1,832,834,835,-1,832,835,836,-1,837,838,839,-1,840,841,842,-1,838,843,839,-1,839,843,844,-1,839,844,845,-1,845,844,846,-1,837,839,842,-1,842,839,847,-1,842,847,840,-1,841,848,842,-1,842,848,849,-1,842,849,850,-1,850,849,851,-1,850,851,852,-1,848,853,849,-1,849,853,854,-1,849,854,855,-1,855,854,856,-1,855,856,857,-1,857,856,858,-1,857,858,859,-1,859,858,832,-1,859,832,860,-1,860,832,836,-1,861,862,863,-1,863,862,846,-1,864,865,866,-1,866,865,867,-1,866,867,868,-1,861,869,862,-1,862,869,870,-1,862,870,871,-1,846,862,845,-1,845,862,872,-1,845,872,867,-1,867,872,873,-1,867,873,868,-1,857,874,875,-1,857,875,855,-1,855,875,876,-1,855,876,849,-1,877,878,879,-1,879,878,880,-1,879,880,881,-1,881,880,882,-1,883,884,885,-1,885,884,876,-1,885,876,886,-1,887,888,886,-1,886,888,889,-1,886,889,890,-1,891,892,890,-1,890,892,893,-1,890,893,886,-1,887,886,894,-1,894,886,876,-1,894,876,895,-1,896,897,898,-1,899,900,880,-1,880,900,901,-1,880,901,882,-1,899,880,874,-1,874,880,902,-1,874,902,875,-1,875,902,903,-1,875,903,876,-1,876,903,904,-1,876,904,895,-1,905,906,907,-1,907,906,908,-1,909,910,911,-1,891,890,912,-1,912,890,908,-1,912,908,897,-1,897,908,906,-1,897,906,898,-1,898,913,914,-1,909,911,907,-1,907,911,915,-1,907,915,905,-1,914,916,898,-1,898,916,917,-1,898,917,896,-1,918,919,920,-1,920,919,921,-1,922,923,924,-1,921,925,920,-1,920,925,926,-1,920,926,927,-1,928,929,930,-1,922,924,930,-1,930,924,931,-1,930,931,928,-1,929,932,930,-1,930,932,933,-1,930,933,934,-1,934,933,935,-1,934,935,936,-1,923,937,924,-1,924,937,938,-1,924,938,939,-1,939,938,940,-1,932,941,933,-1,933,941,942,-1,933,942,943,-1,943,942,944,-1,943,944,945,-1,945,944,946,-1,945,946,947,-1,947,946,920,-1,947,920,948,-1,948,920,927,-1,949,950,951,-1,951,950,940,-1,952,953,954,-1,954,953,955,-1,954,955,956,-1,949,957,950,-1,950,957,958,-1,950,958,959,-1,940,950,939,-1,939,950,960,-1,939,960,955,-1,955,960,961,-1,955,961,956,-1,945,962,963,-1,945,963,943,-1,943,963,964,-1,943,964,933,-1,965,966,967,-1,967,966,968,-1,967,968,969,-1,969,968,970,-1,971,972,973,-1,973,972,964,-1,973,964,974,-1,975,976,974,-1,977,978,979,-1,980,981,982,-1,976,983,974,-1,974,983,979,-1,974,979,984,-1,984,979,978,-1,975,974,985,-1,985,974,964,-1,985,964,986,-1,987,988,968,-1,968,988,989,-1,968,989,970,-1,987,968,962,-1,962,968,990,-1,962,990,963,-1,963,990,991,-1,963,991,964,-1,964,991,992,-1,964,992,986,-1,993,994,995,-1,995,994,996,-1,997,998,999,-1,977,979,1000,-1,1000,979,996,-1,1000,996,981,-1,981,996,994,-1,981,994,982,-1,982,1001,1002,-1,997,999,995,-1,995,999,1003,-1,995,1003,993,-1,1002,1004,982,-1,982,1004,1005,-1,982,1005,980,-1,1006,1007,1008,-1,1008,1007,1009,-1,1010,1011,1012,-1,1009,1013,1008,-1,1008,1013,1014,-1,1008,1014,1015,-1,1016,1017,1018,-1,1010,1012,1018,-1,1018,1012,1019,-1,1018,1019,1016,-1,1017,1020,1018,-1,1018,1020,1021,-1,1018,1021,1022,-1,1022,1021,1023,-1,1022,1023,1024,-1,1011,1025,1012,-1,1012,1025,1026,-1,1012,1026,1027,-1,1027,1026,1028,-1,1020,1029,1021,-1,1021,1029,1030,-1,1021,1030,1031,-1,1031,1030,1032,-1,1031,1032,1033,-1,1033,1032,1034,-1,1033,1034,1035,-1,1035,1034,1008,-1,1035,1008,1036,-1,1036,1008,1015,-1,1037,1038,1039,-1,1039,1038,1028,-1,1040,1041,1042,-1,1042,1041,1043,-1,1042,1043,1044,-1,1037,1045,1038,-1,1038,1045,1046,-1,1038,1046,1047,-1,1028,1038,1027,-1,1027,1038,1048,-1,1027,1048,1043,-1,1043,1048,1049,-1,1043,1049,1044,-1,1033,1050,1051,-1,1033,1051,1031,-1,1031,1051,1052,-1,1031,1052,1021,-1,1053,1054,1055,-1,1055,1054,1056,-1,1055,1056,1057,-1,1057,1056,1058,-1,1059,1060,1061,-1,1061,1060,1052,-1,1061,1052,1062,-1,1063,1064,1062,-1,1065,1066,1067,-1,1068,1069,1070,-1,1064,1071,1062,-1,1062,1071,1067,-1,1062,1067,1072,-1,1072,1067,1066,-1,1063,1062,1073,-1,1073,1062,1052,-1,1073,1052,1074,-1,1075,1076,1056,-1,1056,1076,1077,-1,1056,1077,1058,-1,1075,1056,1050,-1,1050,1056,1078,-1,1050,1078,1051,-1,1051,1078,1079,-1,1051,1079,1052,-1,1052,1079,1080,-1,1052,1080,1074,-1,1081,1082,1083,-1,1083,1082,1084,-1,1085,1086,1087,-1,1065,1067,1088,-1,1088,1067,1084,-1,1088,1084,1069,-1,1069,1084,1082,-1,1069,1082,1070,-1,1070,1089,1090,-1,1085,1087,1083,-1,1083,1087,1091,-1,1083,1091,1081,-1,1090,1092,1070,-1,1070,1092,1093,-1,1070,1093,1068,-1,1094,1095,1096,-1,1097,1098,1099,-1,1097,1099,1096,-1,1096,1099,1100,-1,1096,1100,1094,-1,
        ]
    }
}
Shape{
    appearance Appearance {
        material  Material 	{
            diffuseColor 0.8509803921568627 0.807843137254902 0.7372549019607844
            specularColor 0.4235294117647059 0.403921568627451 0.3686274509803922
            ambientIntensity 0.2
            transparency 0
            shininess 0.5
        }
    }
    geometry IndexedFaceSet {
        ccw TRUE
        solid FALSE
        coord DEF co Coordinate {
            point [
                1.5748 -0.7283 2.3031, 1.5748 -0.7283 2.4606, 1.5748 1.3189 2.3031, 1.5748 1.3189 2.4606, 1.9094 1.3189 2.3031, 1.9094 1.3189 2.8937, 1.9094 0.1378 2.3031, 1.9094 0.1378 2.8937, -1.5748 1.3189 2.3031, -1.5748 1.3189 2.4606, -1.5748 -0.7283 2.3031, -1.5748 -0.7283 2.4606, -1.9094 1.3189 2.8937, -1.9094 1.3189 2.3031, -1.9094 0.1378 2.8937, -1.9094 0.1378 2.3031, -1.378 0.9252 0.1181, -1.5748 0.9252 0.1181, -1.5748 -0.7283 0.1181, -1.4148 -0.7283 0.1181, -1.4055 -0.7283 0.1181, -1.378 -0.7283 0.1181, -1.378 -0.7283 0.1181
            ]
        }
        coordIndex [
            0,1,2,-1,2,1,3,-1,4,5,6,-1,6,5,7,-1,8,9,10,-1,10,9,11,-1,12,13,14,-1,14,13,15,-1,16,17,18,-1,18,19,16,-1,16,19,20,-1,16,20,21,-1,
        ]
    }
}
Shape{
    appearance Appearance {
        material  Material 	{
            diffuseColor 0.7843137254901961 0.7843137254901961 0.7843137254901961
            specularColor 0.39215686274509803 0.39215686274509803 0.39215686274509803
            ambientIntensity 0.2
            transparency 0
            shininess 0.5
        }
    }
    geometry IndexedFaceSet {
        ccw TRUE
        solid FALSE
        coord DEF co Coordinate {
            point [
                -0.946 1.0827 1.6564, -0.946 -0.7283 1.6564, -0.946 -0.7283 1.9339, -0.946 0.7897 1.9339, -0.946 0.8042 1.9326, -0.946 0.8182 1.9286, -0.946 1.1614 1.7352, -0.946 1.1614 1.7413, -0.946 1.1112 1.8147, -0.946 1.1278 1.8058, -0.946 1.1419 1.7932, -0.946 1.1525 1.7777, -0.946 1.1592 1.76, -0.946 1.1587 1.7148, -0.946 1.1509 1.6958, -0.946 1.1384 1.6795, -0.946 1.122 1.667, -0.946 1.1031 1.6591, -0.3554 -0.7283 1.6564, -0.3554 -0.7283 1.9339, -0.3554 0.7897 1.9339, -0.3554 1.1614 1.7413, -0.3554 1.1614 1.7352, -0.3554 0.8042 1.9326, -0.3554 0.8182 1.9286, -0.3554 1.1112 1.8147, -0.3554 1.1278 1.8058, -0.3554 1.1419 1.7932, -0.3554 1.1525 1.7777, -0.3554 1.1592 1.76, -0.3554 1.1587 1.7148, -0.3554 1.1509 1.6958, -0.3554 1.1384 1.6795, -0.3554 1.122 1.667, -0.3554 1.1031 1.6591, -0.3554 1.0827 1.6564, 0.2351 -0.7283 1.6564, 0.2351 -0.7283 1.9339, 0.2351 0.7897 1.9339, 0.2351 1.1614 1.7413, 0.2351 1.1614 1.7352, 0.2351 0.8042 1.9326, 0.2351 0.8182 1.9286, 0.2351 1.1112 1.8147, 0.2351 1.1278 1.8058, 0.2351 1.1419 1.7932, 0.2351 1.1525 1.7777, 0.2351 1.1592 1.76, 0.2351 1.1587 1.7148, 0.2351 1.1509 1.6958, 0.2351 1.1384 1.6795, 0.2351 1.122 1.667, 0.2351 1.1031 1.6591, 0.2351 1.0827 1.6564, 0.8257 1.0827 1.6564, 0.8257 -0.7283 1.6564, 0.8257 -0.7283 1.9339, 0.8257 0.7897 1.9339, 0.8257 0.8042 1.9326, 0.8257 0.8182 1.9286, 0.8257 1.1614 1.7352, 0.8257 1.1614 1.7413, 0.8257 1.1112 1.8147, 0.8257 1.1278 1.8058, 0.8257 1.1419 1.7932, 0.8257 1.1525 1.7777, 0.8257 1.1592 1.76, 0.8257 1.1587 1.7148, 0.8257 1.1509 1.6958, 0.8257 1.1384 1.6795, 0.8257 1.122 1.667, 0.8257 1.1031 1.6591, 1.4162 -0.7283 1.6564, 1.4162 -0.7283 1.9339, 1.4162 1.0827 1.6564, 1.4162 0.7897 1.9339, 1.4162 0.8042 1.9326, 1.4162 0.8182 1.9286, 1.4162 1.1031 1.6591, 1.4162 1.1614 1.7413, 1.4162 1.1112 1.8147, 1.4162 1.1278 1.8058, 1.4162 1.1587 1.7148, 1.4162 1.1509 1.6958, 1.4162 1.1419 1.7932, 1.4162 1.1525 1.7777, 1.4162 1.1592 1.76, 1.4162 1.1614 1.7352, 1.4162 1.1384 1.6795, 1.4162 1.122 1.667, -1.4162 1.0827 0.883, -1.4162 -0.7283 0.883, -1.4162 1.1614 0.8042, -1.4162 -0.7283 0.6054, -1.4162 0.7897 0.6054, -1.4162 1.1614 0.7981, -1.4162 0.8042 0.6068, -1.4162 0.8182 0.6108, -1.4162 1.1112 0.7247, -1.4162 1.1442 0.8533, -1.4162 1.1318 0.8658, -1.4162 1.1168 0.8752, -1.4162 1.1278 0.7336, -1.4162 1.1419 0.7461, -1.4162 1.1592 0.7794, -1.4162 1.1525 0.7617, -1.4162 1.1002 0.881, -1.4162 1.1594 0.8217, -1.4162 1.1536 0.8384, -0.8257 -0.7283 0.883, -0.8257 -0.7283 0.6054, -0.8257 0.7897 0.6054, -0.8257 1.1614 0.7981, -0.8257 1.1614 0.8042, -0.8257 1.1168 0.8752, -0.8257 1.1002 0.881, -0.8257 1.0827 0.883, -0.8257 0.8042 0.6068, -0.8257 0.8182 0.6108, -0.8257 1.1112 0.7247, -0.8257 1.1278 0.7336, -0.8257 1.1419 0.7461, -0.8257 1.1525 0.7617, -0.8257 1.1592 0.7794, -0.8257 1.1594 0.8217, -0.8257 1.1536 0.8384, -0.8257 1.1318 0.8658, -0.8257 1.1442 0.8533, -0.2351 -0.7283 0.883, -0.2351 -0.7283 0.6054, -0.2351 0.7897 0.6054, -0.2351 1.1614 0.7981, -0.2351 1.1614 0.8042, -0.2351 1.1168 0.8752, -0.2351 1.1002 0.881, -0.2351 1.0827 0.883, -0.2351 0.8042 0.6068, -0.2351 0.8182 0.6108, -0.2351 1.1112 0.7247, -0.2351 1.1278 0.7336, -0.2351 1.1419 0.7461, -0.2351 1.1525 0.7617, -0.2351 1.1592 0.7794, -0.2351 1.1594 0.8217, -0.2351 1.1536 0.8384, -0.2351 1.1318 0.8658, -0.2351 1.1442 0.8533, 0.3554 -0.7283 0.883, 0.3554 -0.7283 0.6054, 0.3554 0.7897 0.6054, 0.3554 1.1614 0.7981, 0.3554 1.1614 0.8042, 0.3554 1.1168 0.8752, 0.3554 1.1002 0.881, 0.3554 1.0827 0.883, 0.3554 0.8042 0.6068, 0.3554 0.8182 0.6108, 0.3554 1.1112 0.7247, 0.3554 1.1278 0.7336, 0.3554 1.1419 0.7461, 0.3554 1.1525 0.7617, 0.3554 1.1592 0.7794, 0.3554 1.1594 0.8217, 0.3554 1.1536 0.8384, 0.3554 1.1318 0.8658, 0.3554 1.1442 0.8533, 0.946 -0.7283 0.883, 0.946 -0.7283 0.6054, 0.946 0.7897 0.6054, 0.946 1.1614 0.7981, 0.946 1.1614 0.8042, 0.946 1.1168 0.8752, 0.946 1.1002 0.881, 0.946 1.0827 0.883, 0.946 0.8042 0.6068, 0.946 0.8182 0.6108, 0.946 1.1112 0.7247, 0.946 1.1278 0.7336, 0.946 1.1419 0.7461, 0.946 1.1525 0.7617, 0.946 1.1592 0.7794, 0.946 1.1594 0.8217, 0.946 1.1536 0.8384, 0.946 1.1318 0.8658, 0.946 1.1442 0.8533, 0.946 1.1442 0.8533
            ]
        }
        coordIndex [
            0,1,2,-1,2,3,0,-1,0,3,4,-1,0,4,5,-1,6,5,7,-1,7,5,8,-1,7,8,9,-1,9,10,7,-1,7,10,11,-1,7,11,12,-1,6,13,5,-1,5,13,14,-1,5,14,15,-1,15,16,5,-1,5,16,17,-1,5,17,0,-1,18,19,20,-1,18,21,22,-1,20,23,18,-1,18,23,24,-1,18,24,21,-1,21,24,25,-1,21,25,26,-1,26,27,21,-1,21,27,28,-1,21,28,29,-1,30,31,32,-1,32,33,30,-1,30,33,34,-1,30,34,22,-1,22,34,35,-1,22,35,18,-1,36,37,38,-1,36,39,40,-1,38,41,36,-1,36,41,42,-1,36,42,39,-1,39,42,43,-1,39,43,44,-1,44,45,39,-1,39,45,46,-1,39,46,47,-1,48,49,50,-1,50,51,48,-1,48,51,52,-1,48,52,40,-1,40,52,53,-1,40,53,36,-1,54,55,56,-1,56,57,54,-1,54,57,58,-1,54,58,59,-1,60,59,61,-1,61,59,62,-1,61,62,63,-1,63,64,61,-1,61,64,65,-1,61,65,66,-1,60,67,59,-1,59,67,68,-1,59,68,69,-1,69,70,59,-1,59,70,71,-1,59,71,54,-1,72,73,74,-1,74,73,75,-1,75,76,74,-1,74,76,77,-1,74,77,78,-1,79,80,81,-1,82,83,77,-1,81,84,79,-1,79,84,85,-1,79,85,86,-1,80,79,77,-1,77,79,87,-1,77,87,82,-1,83,88,77,-1,77,88,89,-1,77,89,78,-1,90,91,92,-1,91,93,94,-1,92,91,95,-1,94,96,91,-1,91,96,97,-1,91,97,95,-1,95,97,98,-1,99,100,101,-1,98,102,95,-1,95,102,103,-1,95,103,104,-1,104,103,105,-1,90,92,106,-1,106,92,107,-1,106,107,101,-1,101,107,108,-1,101,108,99,-1,109,110,111,-1,112,113,109,-1,114,115,113,-1,113,115,116,-1,113,116,109,-1,111,117,109,-1,109,117,118,-1,109,118,112,-1,112,118,119,-1,112,119,120,-1,120,121,112,-1,112,121,122,-1,112,122,123,-1,113,124,114,-1,114,124,125,-1,114,125,126,-1,126,125,127,-1,128,129,130,-1,131,132,128,-1,133,134,132,-1,132,134,135,-1,132,135,128,-1,130,136,128,-1,128,136,137,-1,128,137,131,-1,131,137,138,-1,131,138,139,-1,139,140,131,-1,131,140,141,-1,131,141,142,-1,132,143,133,-1,133,143,144,-1,133,144,145,-1,145,144,146,-1,147,148,149,-1,150,151,147,-1,152,153,151,-1,151,153,154,-1,151,154,147,-1,149,155,147,-1,147,155,156,-1,147,156,150,-1,150,156,157,-1,150,157,158,-1,158,159,150,-1,150,159,160,-1,150,160,161,-1,151,162,152,-1,152,162,163,-1,152,163,164,-1,164,163,165,-1,166,167,168,-1,169,170,166,-1,171,172,170,-1,170,172,173,-1,170,173,166,-1,168,174,166,-1,166,174,175,-1,166,175,169,-1,169,175,176,-1,169,176,177,-1,177,178,169,-1,169,178,179,-1,169,179,180,-1,170,181,171,-1,171,181,182,-1,171,182,183,-1,183,182,184,-1,
        ]
    }
}
Shape{
    appearance Appearance {
        material  Material 	{
            diffuseColor 0.8509803921568627 0.807843137254902 0.7372549019607844
            specularColor 0.4235294117647059 0.403921568627451 0.3686274509803922
            ambientIntensity 0.2
            transparency 0
            shininess 0.5
        }
    }
    geometry IndexedFaceSet {
        ccw TRUE
        solid FALSE
        coord DEF co Coordinate {
            point [
                1.9685 -0.7283 0.7185, 1.9685 1.2402 0.7185, 1.9685 -0.7283 1.2697, 1.9685 1.2402 1.8209, 1.9685 -0.7283 1.8209, -1.9685 -0.7283 1.8209, -1.9685 1.2402 1.8209, -1.9685 -0.7283 1.2697, -1.9685 1.2402 0.7185, -1.9685 -0.7283 0.7185, -1.9685 -0.7283 0.7185
            ]
        }
        coordIndex [
            0,1,2,-1,2,1,3,-1,2,3,4,-1,5,6,7,-1,7,6,8,-1,7,8,9,-1,
        ]
    }
}
Shape{
    appearance Appearance {
        material  Material 	{
            diffuseColor 0.7843137254901961 0.7843137254901961 0.7843137254901961
            specularColor 0.39215686274509803 0.39215686274509803 0.39215686274509803
            ambientIntensity 0.2
            transparency 0
            shininess 0.5
        }
    }
    geometry IndexedFaceSet {
        ccw TRUE
        solid FALSE
        coord DEF co Coordinate {
            point [
                1.5365 1.0827 0.883, 1.5365 -0.7283 0.883, 1.5365 1.1614 0.8042, 1.5365 -0.7283 0.6054, 1.5365 0.7897 0.6054, 1.5365 1.1614 0.7981, 1.5365 0.8042 0.6068, 1.5365 0.8182 0.6108, 1.5365 1.1318 0.8658, 1.5365 1.1168 0.8752, 1.5365 1.1002 0.881, 1.5365 1.1112 0.7247, 1.5365 1.1278 0.7336, 1.5365 1.1592 0.7794, 1.5365 1.1419 0.7461, 1.5365 1.1525 0.7617, 1.5365 1.1442 0.8533, 1.5365 1.1594 0.8217, 1.5365 1.1536 0.8384, -1.4134 0.7999 2.18, -1.4134 -0.7283 2.18, -1.5394 0.7999 2.18, -1.4148 -0.7283 2.18, -1.5394 -0.7283 2.18, -0.8228 0.7999 2.18, -0.8228 -0.7283 2.18, -0.9489 0.7999 2.18, -0.8242 -0.7283 2.18, -0.9489 -0.7283 2.18, -0.2323 0.7999 2.18, -0.2323 -0.7283 2.18, -0.3583 0.7999 2.18, -0.2337 -0.7283 2.18, -0.3583 -0.7283 2.18, 0.2323 0.7999 2.18, 0.3583 0.7999 2.18, 0.2323 -0.7283 2.18, 0.3583 -0.7283 2.18, 0.9489 0.7999 2.18, 0.9489 -0.7283 2.18, 0.8228 0.7999 2.18, 0.9474 -0.7283 2.18, 0.8228 -0.7283 2.18, 1.5394 0.7999 2.18, 1.5394 -0.7283 2.18, 1.4134 0.7999 2.18, 1.538 -0.7283 2.18, 1.4134 -0.7283 2.18, -1.5551 0.9117 0.1575, -1.3976 0.9117 0.1575, -1.3976 -0.7283 0.1575, -1.4055 -0.7283 0.1575, -1.4148 -0.7283 0.1575, -1.5551 -0.7283 0.1575, -0.8071 0.9117 0.1575, -0.8071 -0.7283 0.1575, -0.9646 0.9117 0.1575, -0.8149 -0.7283 0.1575, -0.8242 -0.7283 0.1575, -0.9567 -0.7283 0.1575, -0.9646 -0.7283 0.1575, -0.2165 0.9117 0.1575, -0.2165 -0.7283 0.1575, -0.374 0.9117 0.1575, -0.2244 -0.7283 0.1575, -0.2337 -0.7283 0.1575, -0.3662 -0.7283 0.1575, -0.374 -0.7283 0.1575, 0.374 0.9117 0.1575, 0.374 -0.7283 0.1575, 0.2165 0.9117 0.1575, 0.3662 -0.7283 0.1575, 0.2165 -0.7283 0.1575, 0.9646 0.9117 0.1575, 0.9646 -0.7283 0.1575, 0.8071 0.9117 0.1575, 0.9567 -0.7283 0.1575, 0.9474 -0.7283 0.1575, 0.8149 -0.7283 0.1575, 0.8071 -0.7283 0.1575, -1.5365 1.0827 1.6564, -1.5365 -0.7283 1.6564, -1.5365 -0.7283 1.9339, -1.5365 0.7897 1.9339, -1.5365 0.8042 1.9326, -1.5365 0.8182 1.9286, -1.5365 1.1112 1.8147, -1.5365 1.1614 1.7413, -1.5365 1.1614 1.7352, -1.5365 1.1278 1.8058, -1.5365 1.1419 1.7932, -1.5365 1.1592 1.76, -1.5365 1.1525 1.7777, -1.5365 1.1587 1.7148, -1.5365 1.1509 1.6958, -1.5365 1.1384 1.6795, -1.5365 1.122 1.667, -1.5365 1.1031 1.6591, 1.5551 0.9117 0.1575, 1.5551 -0.7283 0.1575, 1.3976 0.9117 0.1575, 1.5473 -0.7283 0.1575, 1.538 -0.7283 0.1575, 1.4055 -0.7283 0.1575, 1.3976 -0.7283 0.1575, 1.3976 -0.7283 0.1575
            ]
        }
        coordIndex [
            0,1,2,-1,1,3,4,-1,2,1,5,-1,4,6,1,-1,1,6,7,-1,1,7,5,-1,8,9,2,-1,2,9,10,-1,2,10,0,-1,7,11,5,-1,5,11,12,-1,5,12,13,-1,13,12,14,-1,13,14,15,-1,8,2,16,-1,16,2,17,-1,16,17,18,-1,19,20,21,-1,21,20,22,-1,21,22,23,-1,24,25,26,-1,26,25,27,-1,26,27,28,-1,29,30,31,-1,31,30,32,-1,31,32,33,-1,34,35,36,-1,36,35,37,-1,38,39,40,-1,40,39,41,-1,40,41,42,-1,43,44,45,-1,45,44,46,-1,45,46,47,-1,48,49,50,-1,50,51,48,-1,48,51,52,-1,48,52,53,-1,54,55,56,-1,56,55,57,-1,57,58,56,-1,56,58,59,-1,56,59,60,-1,61,62,63,-1,63,62,64,-1,64,65,63,-1,63,65,66,-1,63,66,67,-1,68,69,70,-1,70,69,71,-1,70,71,72,-1,73,74,75,-1,75,74,76,-1,76,77,75,-1,75,77,78,-1,75,78,79,-1,80,81,82,-1,82,83,80,-1,80,83,84,-1,80,84,85,-1,86,87,85,-1,85,87,88,-1,86,89,87,-1,87,89,90,-1,87,90,91,-1,91,90,92,-1,88,93,85,-1,85,93,94,-1,85,94,95,-1,95,96,85,-1,85,96,97,-1,85,97,80,-1,98,99,100,-1,100,99,101,-1,101,102,100,-1,100,102,103,-1,100,103,104,-1,
        ]
    }
}
Shape{
    appearance Appearance {
        material  Material 	{
            diffuseColor 0.8509803921568627 0.807843137254902 0.7372549019607844
            specularColor 0.4235294117647059 0.403921568627451 0.3686274509803922
            ambientIntensity 0.2
            transparency 0
            shininess 0.5
        }
    }
    geometry IndexedFaceSet {
        ccw TRUE
        solid FALSE
        coord DEF co Coordinate {
            point [
                -0.2817 -0.0621 0.0, -0.2969 -0.0517 0.0, -0.2613 -0.0673 0.0, -0.3071 -0.0361 0.0, -0.3122 -0.0153 0.0, -0.2969 0.0989 0.0, -0.2817 0.1093 0.0, -0.3071 0.0833 0.0, -0.2613 0.1145 0.0, -0.3122 0.0626 0.0, -0.1698 0.1145 0.0, -0.1698 -0.0673 0.0, -0.5308 -0.0153 0.0, -0.4851 0.1249 0.0, -0.4393 -0.0153 0.0, -1.0274 0.6735 2.7046, -1.6732 0.6735 2.7046, -1.0274 0.6735 2.5394, -1.6732 0.6735 2.5394, 0.7151 0.6735 2.7046, -0.7151 0.6735 2.7046, 0.7151 0.6735 2.5394, -0.7151 0.6735 2.5394, 1.6732 0.6735 2.7046, 1.0274 0.6735 2.7046, 1.6732 0.6735 2.5394, 1.0274 0.6735 2.5394, 1.0274 0.6735 2.5394
            ]
        }
        coordIndex [
            0,1,2,-1,2,1,3,-1,2,3,4,-1,5,6,7,-1,7,6,8,-1,7,8,9,-1,9,8,10,-1,9,10,4,-1,4,10,11,-1,4,11,2,-1,12,13,14,-1,15,16,17,-1,17,16,18,-1,19,20,21,-1,21,20,22,-1,23,24,25,-1,25,24,26,-1,
        ]
    }
}
Shape{
    appearance Appearance {
        material  Material 	{
            diffuseColor 0.7843137254901961 0.7843137254901961 0.7843137254901961
            specularColor 0.39215686274509803 0.39215686274509803 0.39215686274509803
            ambientIntensity 0.2
            transparency 0
            shininess 0.5
        }
    }
    geometry IndexedFaceSet {
        ccw TRUE
        solid FALSE
        coord DEF co Coordinate {
            point [
                -1.5551 -1.0827 2.3425, -1.3976 -1.0827 2.3425, -1.5551 -1.0827 0.2391, -1.3976 -1.0827 0.2391, -1.3976 -1.0827 0.2391
            ]
        }
        coordIndex [
            0,1,2,-1,2,1,3,-1,
        ]
    }
}
Shape{
    appearance Appearance {
        material  Material 	{
            diffuseColor 0.8509803921568627 0.807843137254902 0.7372549019607844
            specularColor 0.4235294117647059 0.403921568627451 0.3686274509803922
            ambientIntensity 0.2
            transparency 0
            shininess 0.5
        }
    }
    geometry IndexedFaceSet {
        ccw TRUE
        solid FALSE
        coord DEF co Coordinate {
            point [
                -1.2795 -1.0433 0.6791, -1.2795 -1.0433 1.6634, -1.3583 -1.0433 1.6634, -1.3583 -1.0433 2.3425, -1.5945 -1.0433 2.3425, -1.5945 -1.0433 1.6634, -1.3583 -1.0433 0.6791, -1.5945 -1.0433 0.0, -1.3583 -1.0433 0.0, -1.5945 -1.0433 0.6791, -1.6732 -1.0433 1.6634, -1.6732 -1.0433 0.6791, -1.6732 -1.0433 0.6791
            ]
        }
        coordIndex [
            0,1,2,-1,3,4,2,-1,2,4,5,-1,2,5,0,-1,0,5,6,-1,7,8,9,-1,9,8,6,-1,6,5,9,-1,9,5,10,-1,9,10,11,-1,
        ]
    }
}
Shape{
    appearance Appearance {
        material  Material 	{
            diffuseColor 0.7843137254901961 0.7843137254901961 0.7843137254901961
            specularColor 0.39215686274509803 0.39215686274509803 0.39215686274509803
            ambientIntensity 0.2
            transparency 0
            shininess 0.5
        }
    }
    geometry IndexedFaceSet {
        ccw TRUE
        solid FALSE
        coord DEF co Coordinate {
            point [
                -0.8071 -1.0827 2.3425, -0.8071 -1.0827 0.2391, -0.9646 -1.0827 2.3425, -0.9646 -1.0827 0.2391, -0.9646 -1.0827 0.2391
            ]
        }
        coordIndex [
            0,1,2,-1,2,1,3,-1,
        ]
    }
}
Shape{
    appearance Appearance {
        material  Material 	{
            diffuseColor 0.8509803921568627 0.807843137254902 0.7372549019607844
            specularColor 0.4235294117647059 0.403921568627451 0.3686274509803922
            ambientIntensity 0.2
            transparency 0
            shininess 0.5
        }
    }
    geometry IndexedFaceSet {
        ccw TRUE
        solid FALSE
        coord DEF co Coordinate {
            point [
                -0.689 -1.0433 0.6791, -0.689 -1.0433 1.6634, -0.7677 -1.0433 1.6634, -0.7677 -1.0433 2.3425, -1.0039 -1.0433 2.3425, -1.0039 -1.0433 1.6634, -0.7677 -1.0433 0.6791, -1.0039 -1.0433 0.0, -0.7677 -1.0433 0.0, -1.0039 -1.0433 0.6791, -1.0827 -1.0433 1.6634, -1.0827 -1.0433 0.6791, -1.0827 -1.0433 0.6791
            ]
        }
        coordIndex [
            0,1,2,-1,3,4,2,-1,2,4,5,-1,2,5,0,-1,0,5,6,-1,7,8,9,-1,9,8,6,-1,6,5,9,-1,9,5,10,-1,9,10,11,-1,
        ]
    }
}
Shape{
    appearance Appearance {
        material  Material 	{
            diffuseColor 0.7843137254901961 0.7843137254901961 0.7843137254901961
            specularColor 0.39215686274509803 0.39215686274509803 0.39215686274509803
            ambientIntensity 0.2
            transparency 0
            shininess 0.5
        }
    }
    geometry IndexedFaceSet {
        ccw TRUE
        solid FALSE
        coord DEF co Coordinate {
            point [
                -0.2165 -1.0827 2.3425, -0.2165 -1.0827 0.2391, -0.374 -1.0827 2.3425, -0.374 -1.0827 0.2391, -0.374 -1.0827 0.2391
            ]
        }
        coordIndex [
            0,1,2,-1,2,1,3,-1,
        ]
    }
}
Shape{
    appearance Appearance {
        material  Material 	{
            diffuseColor 0.8509803921568627 0.807843137254902 0.7372549019607844
            specularColor 0.4235294117647059 0.403921568627451 0.3686274509803922
            ambientIntensity 0.2
            transparency 0
            shininess 0.5
        }
    }
    geometry IndexedFaceSet {
        ccw TRUE
        solid FALSE
        coord DEF co Coordinate {
            point [
                -0.0984 -1.0433 0.6791, -0.0984 -1.0433 1.6634, -0.1772 -1.0433 1.6634, -0.1772 -1.0433 2.3425, -0.4134 -1.0433 2.3425, -0.4134 -1.0433 1.6634, -0.1772 -1.0433 0.6791, -0.4134 -1.0433 0.0, -0.1772 -1.0433 0.0, -0.4134 -1.0433 0.6791, -0.4921 -1.0433 1.6634, -0.4921 -1.0433 0.6791, -0.4921 -1.0433 0.6791
            ]
        }
        coordIndex [
            0,1,2,-1,3,4,2,-1,2,4,5,-1,2,5,0,-1,0,5,6,-1,7,8,9,-1,9,8,6,-1,6,5,9,-1,9,5,10,-1,9,10,11,-1,
        ]
    }
}
Shape{
    appearance Appearance {
        material  Material 	{
            diffuseColor 0.7843137254901961 0.7843137254901961 0.7843137254901961
            specularColor 0.39215686274509803 0.39215686274509803 0.39215686274509803
            ambientIntensity 0.2
            transparency 0
            shininess 0.5
        }
    }
    geometry IndexedFaceSet {
        ccw TRUE
        solid FALSE
        coord DEF co Coordinate {
            point [
                0.374 -1.0827 2.3425, 0.374 -1.0827 0.2391, 0.2165 -1.0827 2.3425, 0.2165 -1.0827 0.2391, 0.2165 -1.0827 0.2391
            ]
        }
        coordIndex [
            0,1,2,-1,2,1,3,-1,
        ]
    }
}
Shape{
    appearance Appearance {
        material  Material 	{
            diffuseColor 0.8509803921568627 0.807843137254902 0.7372549019607844
            specularColor 0.4235294117647059 0.403921568627451 0.3686274509803922
            ambientIntensity 0.2
            transparency 0
            shininess 0.5
        }
    }
    geometry IndexedFaceSet {
        ccw TRUE
        solid FALSE
        coord DEF co Coordinate {
            point [
                0.1772 -1.0433 1.6634, 0.0984 -1.0433 1.6634, 0.0984 -1.0433 0.6791, 0.4134 -1.0433 0.6791, 0.4921 -1.0433 0.6791, 0.4921 -1.0433 1.6634, 0.4134 -1.0433 1.6634, 0.4134 -1.0433 2.3425, 0.1772 -1.0433 2.3425, 0.1772 -1.0433 0.6791, 0.1772 -1.0433 0.0, 0.4134 -1.0433 0.0, 0.4134 -1.0433 0.0
            ]
        }
        coordIndex [
            0,1,2,-1,3,4,5,-1,6,7,8,-1,9,10,11,-1,11,3,9,-1,9,3,5,-1,9,5,2,-1,2,5,6,-1,2,6,0,-1,0,6,8,-1,
        ]
    }
}
Shape{
    appearance Appearance {
        material  Material 	{
            diffuseColor 0.7843137254901961 0.7843137254901961 0.7843137254901961
            specularColor 0.39215686274509803 0.39215686274509803 0.39215686274509803
            ambientIntensity 0.2
            transparency 0
            shininess 0.5
        }
    }
    geometry IndexedFaceSet {
        ccw TRUE
        solid FALSE
        coord DEF co Coordinate {
            point [
                0.9646 -1.0827 2.3425, 0.9646 -1.0827 0.2391, 0.8071 -1.0827 2.3425, 0.8071 -1.0827 0.2391, 0.8071 -1.0827 0.2391
            ]
        }
        coordIndex [
            0,1,2,-1,2,1,3,-1,
        ]
    }
}
Shape{
    appearance Appearance {
        material  Material 	{
            diffuseColor 0.8509803921568627 0.807843137254902 0.7372549019607844
            specularColor 0.4235294117647059 0.403921568627451 0.3686274509803922
            ambientIntensity 0.2
            transparency 0
            shininess 0.5
        }
    }
    geometry IndexedFaceSet {
        ccw TRUE
        solid FALSE
        coord DEF co Coordinate {
            point [
                1.0827 -1.0433 0.6791, 1.0827 -1.0433 1.6634, 1.0039 -1.0433 1.6634, 1.0039 -1.0433 2.3425, 0.7677 -1.0433 2.3425, 0.7677 -1.0433 1.6634, 1.0039 -1.0433 0.6791, 0.7677 -1.0433 0.0, 1.0039 -1.0433 0.0, 0.7677 -1.0433 0.6791, 0.689 -1.0433 1.6634, 0.689 -1.0433 0.6791, 0.689 -1.0433 0.6791
            ]
        }
        coordIndex [
            0,1,2,-1,3,4,2,-1,2,4,5,-1,2,5,0,-1,0,5,6,-1,7,8,9,-1,9,8,6,-1,6,5,9,-1,9,5,10,-1,9,10,11,-1,
        ]
    }
}
Shape{
    appearance Appearance {
        material  Material 	{
            diffuseColor 0.7843137254901961 0.7843137254901961 0.7843137254901961
            specularColor 0.39215686274509803 0.39215686274509803 0.39215686274509803
            ambientIntensity 0.2
            transparency 0
            shininess 0.5
        }
    }
    geometry IndexedFaceSet {
        ccw TRUE
        solid FALSE
        coord DEF co Coordinate {
            point [
                1.5551 -1.0827 2.3425, 1.5551 -1.0827 0.2391, 1.3976 -1.0827 2.3425, 1.3976 -1.0827 0.2391, 1.3976 -1.0827 0.2391
            ]
        }
        coordIndex [
            0,1,2,-1,2,1,3,-1,
        ]
    }
}
Shape{
    appearance Appearance {
        material  Material 	{
            diffuseColor 0.8509803921568627 0.807843137254902 0.7372549019607844
            specularColor 0.4235294117647059 0.403921568627451 0.3686274509803922
            ambientIntensity 0.2
            transparency 0
            shininess 0.5
        }
    }
    geometry IndexedFaceSet {
        ccw TRUE
        solid FALSE
        coord DEF co Coordinate {
            point [
                1.6732 -1.0433 0.6791, 1.6732 -1.0433 1.6634, 1.5945 -1.0433 1.6634, 1.5945 -1.0433 2.3425, 1.3583 -1.0433 2.3425, 1.3583 -1.0433 1.6634, 1.5945 -1.0433 0.6791, 1.3583 -1.0433 0.0, 1.5945 -1.0433 0.0, 1.3583 -1.0433 0.6791, 1.2795 -1.0433 1.6634, 1.2795 -1.0433 0.6791, -1.2795 -0.9252 0.2566, -1.0827 -0.9252 0.2566, -1.2795 -0.9252 0.4535, -1.0827 -0.9252 0.4535, -0.689 -0.9252 2.2582, -0.689 -0.9252 1.8408, -0.4921 -0.9252 2.2582, -0.4921 -0.9252 1.8408, -0.689 -0.9252 0.2566, -0.4921 -0.9252 0.2566, -0.689 -0.9252 0.4535, -0.4921 -0.9252 0.4535, -0.0984 -0.9252 2.2582, -0.0984 -0.9252 1.8408, 0.0984 -0.9252 2.2582, 0.0984 -0.9252 1.8408, -0.0984 -0.9252 0.2566, 0.0984 -0.9252 0.2566, -0.0984 -0.9252 0.4535, 0.0984 -0.9252 0.4535, 0.4921 -0.9252 2.2582, 0.4921 -0.9252 1.8408, 0.689 -0.9252 2.2582, 0.689 -0.9252 1.8408, 0.4921 -0.9252 0.2566, 0.689 -0.9252 0.2566, 0.4921 -0.9252 0.4535, 0.689 -0.9252 0.4535, 1.0827 -0.9252 2.2582, 1.0827 -0.9252 1.8408, 1.2795 -0.9252 2.2582, 1.2795 -0.9252 1.8408, 1.0827 -0.9252 0.2566, 1.2795 -0.9252 0.2566, 1.0827 -0.9252 0.4535, 1.2795 -0.9252 0.4535, -2.3031 -0.9252 2.3425, -2.3031 -0.9252 0.1969, -1.8701 -0.9252 2.3425, -1.8701 -0.9252 0.1969, 2.3031 -0.9252 2.3425, 1.8701 -0.9252 2.3425, 2.3031 -0.9252 0.1969, 1.8701 -0.9252 0.1969, -1.2795 -0.9252 2.2582, -1.2795 -0.9252 1.8408, -1.0827 -0.9252 2.2582, -1.0827 -0.9252 1.8408, -2.5 -0.2165 2.4606, -2.4973 -0.2165 2.481, -2.5 -0.2165 3.0118, -2.4895 -0.2165 2.5, -2.4769 -0.2165 2.5163, -2.4606 -0.2165 2.5288, -2.4416 -0.2165 2.5367, -2.4213 -0.2165 2.5394, -1.6732 -0.2165 2.5394, -1.6732 -0.2165 3.0906, -2.4213 -0.2165 3.0906, -2.4416 -0.2165 3.0879, -2.4606 -0.2165 3.08, -2.4973 -0.2165 3.0322, -2.4769 -0.2165 3.0675, -2.4895 -0.2165 3.0512, -1.6732 0.7842 2.7766, -1.6732 1.3189 2.5394, -1.6732 1.3189 3.0906, -1.6732 0.6735 2.5394, -1.6732 0.6735 2.7046, -1.6732 0.746 2.7831, -1.6732 0.7655 2.7822, -1.6732 0.6759 2.724, -1.6732 0.683 2.7421, -1.6732 0.6944 2.758, -1.6732 0.7093 2.7706, -1.6732 0.7269 2.7791, -1.0274 0.6735 2.7046, -1.0274 0.6759 2.724, -1.0274 0.683 2.7421, -1.0274 0.6944 2.758, -1.0274 0.7093 2.7706, -1.0274 0.7269 2.7791, -1.0274 0.746 2.7831, -1.0274 0.7655 2.7822, -1.0274 0.7842 2.7766, -1.0274 0.6735 2.5394, -1.0274 1.3189 2.5394, -0.7151 0.6735 2.7046, 0.7151 0.6735 2.7046, 0.7151 0.6759 2.724, -0.7151 0.6759 2.724, 0.7151 0.683 2.7421, -0.7151 0.683 2.7421, 0.7151 0.6944 2.758, -0.7151 0.6944 2.758, 0.7151 0.7093 2.7706, -0.7151 0.7093 2.7706, 0.7151 0.7269 2.7791, -0.7151 0.7269 2.7791, 0.7151 0.746 2.7831, -0.7151 0.746 2.7831, 0.7151 0.7655 2.7822, -0.7151 0.7655 2.7822, 0.7151 0.7842 2.7766, -0.7151 0.7842 2.7766, 0.7151 0.6735 2.5394, 0.7151 1.3189 2.5394, -0.7151 1.3189 2.5394, -0.7151 0.6735 2.5394, 1.0274 0.6735 2.7046, 1.6732 0.6735 2.7046, 1.6732 0.6759 2.724, 1.0274 0.6759 2.724, 1.6732 0.683 2.7421, 1.0274 0.683 2.7421, 1.6732 0.6944 2.758, 1.0274 0.6944 2.758, 1.6732 0.7093 2.7706, 1.0274 0.7093 2.7706, 1.6732 0.7269 2.7791, 1.0274 0.7269 2.7791, 1.6732 0.746 2.7831, 1.0274 0.746 2.7831, 1.6732 0.7655 2.7822, 1.0274 0.7655 2.7822, 1.6732 0.7842 2.7766, 1.0274 0.7842 2.7766, 1.0274 1.3189 2.5394, 1.0274 0.6735 2.5394, 1.6732 1.3189 3.0906, 1.6732 1.3189 2.5394, 1.6732 -0.2165 3.0906, 1.6732 -0.2165 2.5394, 1.6732 0.6735 2.5394, 2.4973 -0.2165 2.481, 2.5 -0.2165 2.4606, 2.5 -0.2165 3.0118, 2.498 -0.2165 3.0293, 2.4554 -0.2165 3.0828, 2.4213 -0.2165 3.0906, 2.4213 -0.2165 2.5394, 2.4606 -0.2165 2.5288, 2.4769 -0.2165 2.5163, 2.4895 -0.2165 2.5, 2.4416 -0.2165 2.5367, 2.4388 -0.2165 3.0886, 2.4922 -0.2165 3.046, 2.4828 -0.2165 3.0609, 2.4704 -0.2165 3.0734, 2.5 1.3189 3.0118, 2.498 1.3189 3.0293, 2.4922 1.3189 3.046, 2.4828 1.3189 3.0609, 2.4704 1.3189 3.0734, 2.4554 1.3189 3.0828, 2.4388 1.3189 3.0886, 2.4213 1.3189 3.0906, 2.4213 -1.3189 2.5394, 2.4416 -1.3189 2.5367, 2.4606 -1.3189 2.5288, 2.4769 -1.3189 2.5163, 2.4895 -1.3189 2.5, 2.4973 -1.3189 2.481, 2.5 -1.3189 2.4606, 1.5748 0.9252 0.1181, 1.5748 -0.7283 0.1181, 1.5748 -0.7283 0.1378, 1.5748 -0.7283 0.2362, 1.5748 1.3189 0.2362, 1.5748 0.9252 0.0, 1.5748 1.3189 0.0, 1.9094 1.3189 2.8937, 2.2638 1.3189 2.8937, 1.9094 0.1378 2.8937, 2.2638 0.1378 2.8937, 2.2638 0.1378 2.3031, 1.9094 0.1378 2.3031, 1.5748 1.3189 2.3031, 1.9094 1.3189 2.3031, 1.5748 -0.7283 2.3031, 2.1161 -0.7283 2.3031, 2.2638 -0.7283 2.3031, -1.9094 1.3189 2.3031, -1.5748 1.3189 2.3031, -1.9094 0.1378 2.3031, -1.5748 -0.7283 2.3031, -2.2638 0.1378 2.3031, -2.2638 -0.7283 2.3031, -1.9094 0.1378 2.8937, -2.2638 0.1378 2.8937, -2.2638 1.3189 2.8937, -1.9094 1.3189 2.8937, -1.5748 0.9252 0.0, -1.5748 1.3189 0.0, -1.5748 0.9252 0.1181, -1.5748 1.3189 0.2362, -1.5748 -0.7283 0.2362, -1.5748 -0.7283 0.1378, -1.5748 -0.7283 0.1181, -1.4148 -0.7283 0.1378, -1.4148 -0.7283 0.1575, -1.4055 -0.7283 0.1575, 0.3554 -0.7283 1.9339, 0.3662 -0.7283 2.057, 0.3662 -0.7283 1.624, 1.378 -0.7283 0.7185, 1.378 -0.7283 0.9154, 1.4055 -0.7283 0.9154, -1.5551 -0.7283 0.1575, 1.5473 -0.7283 0.1181, 1.5473 -0.7283 0.1575, 1.5551 -0.7283 0.1575, 2.1161 -0.7283 0.4602, 2.1161 -0.7283 0.2362, 1.5473 -0.7283 0.4602, 1.5551 -0.7283 0.315, 1.5473 -0.7283 2.4606, 1.5748 -0.7283 2.4606, 2.1161 -0.7283 2.057, 1.5473 -0.7283 2.057, 0.9843 -0.7283 2.3031, 1.378 -0.7283 2.3031, 1.4055 -0.7283 2.057, 0.9567 -0.7283 2.057, 0.9567 -0.7283 2.4606, 0.9843 -0.7283 2.4606, 0.3662 -0.7283 2.4606, 0.3937 -0.7283 2.4606, 0.3937 -0.7283 2.3031, 0.7874 -0.7283 2.3031, 0.8149 -0.7283 2.057, 0.5906 -0.7283 2.3031, 0.5906 -0.7283 2.057, 0.2323 -0.7283 2.18, 0.3583 -0.7283 2.18, -0.2244 -0.7283 2.4606, -0.1969 -0.7283 2.4606, -0.1969 -0.7283 2.3031, 0.3583 -0.7283 2.4282, 0.1969 -0.7283 2.4606, 0.2323 -0.7283 2.4282, 0.1969 -0.7283 2.3031, 0.0 -0.7283 2.3031, -0.0 -0.7283 2.057, -0.2244 -0.7283 2.057, -0.7874 -0.7283 2.3031, -0.3937 -0.7283 2.3031, -0.3662 -0.7283 2.057, -1.4055 -0.7283 2.4606, -1.378 -0.7283 2.4606, -1.378 -0.7283 2.3031, -0.9843 -0.7283 2.3031, -0.9567 -0.7283 2.057, -1.1811 -0.7283 2.3031, -1.1811 -0.7283 2.057, -1.4055 -0.7283 2.057, -1.5551 -0.7283 0.315, -2.2638 -0.7283 0.2362, -1.378 -0.7283 0.1378, -1.378 -0.7283 0.1181, -1.4055 -0.7283 0.1181, -1.1811 -0.7283 0.2362, -1.378 -0.7283 0.2362, -1.4055 -0.7283 0.4602, -0.9567 -0.7283 0.315, -0.9646 -0.7283 0.315, -1.1811 -0.7283 0.4602, -0.7874 -0.7283 0.1378, -0.7874 -0.7283 0.1181, -0.8149 -0.7283 0.1181, -0.8149 -0.7283 0.1575, -0.8071 -0.7283 0.1575, -0.3662 -0.7283 0.315, -0.374 -0.7283 0.315, -0.8149 -0.7283 0.4602, -0.7874 -0.7283 0.2362, -0.3662 -0.7283 0.1378, -0.3937 -0.7283 0.1378, -0.374 -0.7283 0.1575, -0.3937 -0.7283 0.2362, -0.8071 -0.7283 0.315, -0.1969 -0.7283 0.1378, -0.1969 -0.7283 0.1181, -0.2244 -0.7283 0.1181, -0.2244 -0.7283 0.1575, -0.2165 -0.7283 0.1575, -0.1969 -0.7283 0.2362, -0.2165 -0.7283 0.315, 0.0 -0.7283 0.2362, 0.3662 -0.7283 0.315, 0.2165 -0.7283 0.315, -0.0 -0.7283 0.4602, 0.3662 -0.7283 0.1378, 0.3937 -0.7283 0.1378, 0.3662 -0.7283 0.1181, 0.3937 -0.7283 0.1181, 0.374 -0.7283 0.315, 0.3937 -0.7283 0.2362, 0.374 -0.7283 0.1575, 0.3662 -0.7283 0.1575, 0.2165 -0.7283 0.1575, 0.8149 -0.7283 0.315, 0.8071 -0.7283 0.315, 0.5906 -0.7283 0.4602, 0.8149 -0.7283 0.1378, 0.7874 -0.7283 0.1378, 0.8071 -0.7283 0.1575, 0.7874 -0.7283 0.2362, 0.5906 -0.7283 0.2362, 0.9843 -0.7283 0.1378, 0.9843 -0.7283 0.1181, 0.9567 -0.7283 0.1181, 0.9567 -0.7283 0.1575, 0.9646 -0.7283 0.1575, 1.4055 -0.7283 0.315, 1.3976 -0.7283 0.315, 0.9567 -0.7283 0.4602, 1.4055 -0.7283 0.1378, 1.378 -0.7283 0.1378, 1.3976 -0.7283 0.1575, 1.378 -0.7283 0.2362, 0.9843 -0.7283 0.2362, 0.9646 -0.7283 0.315, 0.9843 -0.7283 0.7185, 1.4055 -0.7283 0.4602, 0.9474 -0.7283 0.9154, 0.9567 -0.7283 0.9154, 0.9474 -0.7283 0.4602, 0.8149 -0.7283 0.9154, 0.8257 -0.7283 0.883, 0.8257 -0.7283 0.6054, 0.5906 -0.7283 0.7185, 0.7874 -0.7283 0.7185, 0.8149 -0.7283 0.4602, 0.946 -0.7283 0.883, 0.946 -0.7283 0.6054, 0.7874 -0.7283 0.9154, 0.3662 -0.7283 0.9154, 0.3937 -0.7283 0.9154, 0.3937 -0.7283 0.7185, 0.3662 -0.7283 0.4602, 0.0 -0.7283 0.7185, 0.1969 -0.7283 0.7185, 0.2351 -0.7283 0.6054, 0.2351 -0.7283 0.883, 0.1969 -0.7283 0.9154, 0.3554 -0.7283 0.883, 0.3554 -0.7283 0.6054, -0.2244 -0.7283 0.9154, -0.1969 -0.7283 0.9154, -0.1969 -0.7283 0.7185, -0.2244 -0.7283 0.4602, -0.2337 -0.7283 0.4602, -0.2337 -0.7283 0.9154, -0.3662 -0.7283 0.9154, -0.3554 -0.7283 0.883, -0.3554 -0.7283 0.6054, -0.7874 -0.7283 0.7185, -0.3937 -0.7283 0.7185, -0.3662 -0.7283 0.4602, -0.2351 -0.7283 0.883, -0.2351 -0.7283 0.6054, -0.3937 -0.7283 0.9154, -0.8242 -0.7283 0.9154, -0.8149 -0.7283 0.9154, -0.8242 -0.7283 0.4602, -0.9567 -0.7283 0.9154, -0.946 -0.7283 0.883, -0.946 -0.7283 0.6054, -1.1811 -0.7283 0.7185, -0.9843 -0.7283 0.7185, -0.9567 -0.7283 0.4602, -0.8257 -0.7283 0.883, -0.8257 -0.7283 0.6054, -0.9843 -0.7283 0.9154, -1.4055 -0.7283 0.9154, -1.378 -0.7283 0.9154, -1.378 -0.7283 0.7185, -0.9567 -0.7283 0.1378, -0.9843 -0.7283 0.1378, -0.9646 -0.7283 0.1575, -0.9843 -0.7283 0.2362, -1.4148 -0.7283 0.4602, -1.4148 -0.7283 0.9154, -2.2638 -0.7283 0.4602, -1.9685 -0.7283 0.7185, -1.5748 -0.7283 0.7185, -1.5365 -0.7283 0.6054, -1.5365 -0.7283 0.883, -1.5748 -0.7283 0.9154, -1.4162 -0.7283 0.883, -1.4162 -0.7283 0.6054, -1.4148 -0.7283 2.057, -1.4162 -0.7283 1.9339, -1.5365 -0.7283 1.9339, -1.9685 -0.7283 1.2697, -2.2638 -0.7283 1.2697, -1.9685 -0.7283 1.8209, -2.2638 -0.7283 2.057, -1.5748 -0.7283 1.8209, -1.5365 -0.7283 1.6564, -1.4162 -0.7283 1.6564, -1.4148 -0.7283 1.624, -1.5748 -0.7283 1.624, -1.4055 -0.7283 1.624, -0.9567 -0.7283 1.624, -0.9843 -0.7283 1.624, -0.9843 -0.7283 1.8209, -1.378 -0.7283 1.624, -1.378 -0.7283 1.8209, -1.1811 -0.7283 1.8209, -0.8242 -0.7283 1.624, -0.8257 -0.7283 1.6564, -0.8257 -0.7283 1.9339, -0.3937 -0.7283 1.8209, -0.7874 -0.7283 1.8209, -0.8149 -0.7283 2.057, -0.946 -0.7283 1.6564, -0.946 -0.7283 1.9339, -0.8242 -0.7283 2.057, -0.8149 -0.7283 1.624, -0.7874 -0.7283 1.624, -0.3662 -0.7283 1.624, -0.3937 -0.7283 1.624, -0.8149 -0.7283 2.4606, -0.7874 -0.7283 2.4606, -0.2337 -0.7283 1.624, -0.2351 -0.7283 1.6564, -0.2351 -0.7283 1.9339, -0.3554 -0.7283 1.6564, -0.3554 -0.7283 1.9339, -0.2337 -0.7283 2.057, -0.2244 -0.7283 1.624, 0.2351 -0.7283 1.9339, -0.1969 -0.7283 1.624, -0.1969 -0.7283 1.8209, 0.0 -0.7283 1.8209, 0.1969 -0.7283 1.8209, 0.1969 -0.7283 1.624, 0.2351 -0.7283 1.6564, 0.3554 -0.7283 1.6564, 0.8149 -0.7283 1.624, 0.7874 -0.7283 1.624, 0.7874 -0.7283 1.8209, 0.3937 -0.7283 1.624, 0.3937 -0.7283 1.8209, 0.5906 -0.7283 1.8209, 0.9474 -0.7283 1.624, 0.946 -0.7283 1.6564, 0.946 -0.7283 1.9339, 1.4055 -0.7283 1.624, 1.378 -0.7283 1.8209, 1.378 -0.7283 1.624, 0.9843 -0.7283 1.8209, 0.8257 -0.7283 1.6564, 0.8257 -0.7283 1.9339, 0.9474 -0.7283 2.057, 0.9567 -0.7283 1.624, 0.9843 -0.7283 1.624, 1.538 -0.7283 1.624, 1.5365 -0.7283 1.6564, 1.5365 -0.7283 1.9339, 1.4162 -0.7283 1.6564, 1.4162 -0.7283 1.9339, 1.538 -0.7283 2.057, 1.5473 -0.7283 1.624, 1.5473 -0.7283 0.9154, 1.5748 -0.7283 0.9154, 1.5748 -0.7283 0.7185, 1.5748 -0.7283 1.624, 1.5748 -0.7283 1.8209, 1.9685 -0.7283 1.8209, 1.9685 -0.7283 1.2697, 2.1161 -0.7283 1.2697, 1.9685 -0.7283 0.7185, 1.538 -0.7283 0.4602, 1.538 -0.7283 0.9154, 1.4162 -0.7283 0.6054, 1.5365 -0.7283 0.6054, 1.5365 -0.7283 0.883, 1.4162 -0.7283 0.883, -1.5394 -0.7283 2.18, -1.5394 -0.7283 2.4282, -1.5748 -0.7283 2.4606, -1.4148 -0.7283 2.4282, -1.4148 -0.7283 2.4606, -1.4134 -0.7283 2.4282, -1.4134 -0.7283 2.18, -1.4148 -0.7283 2.18, -0.9567 -0.7283 2.4606, -0.9489 -0.7283 2.4282, -0.9489 -0.7283 2.18, -0.8242 -0.7283 2.4282, -0.8242 -0.7283 2.4606, -0.8228 -0.7283 2.4282, -0.8228 -0.7283 2.18, -0.8242 -0.7283 2.18, -0.9843 -0.7283 2.4606, -0.3662 -0.7283 2.4606, -0.3583 -0.7283 2.4282, -0.3583 -0.7283 2.18, -0.2337 -0.7283 2.4282, -0.2337 -0.7283 2.4606, -0.2323 -0.7283 2.4282, -0.2323 -0.7283 2.18, -0.2337 -0.7283 2.18, -0.3937 -0.7283 2.4606, 0.8149 -0.7283 2.4606, 0.8228 -0.7283 2.4282, 0.8228 -0.7283 2.18, 0.9474 -0.7283 2.4282, 0.9474 -0.7283 2.4606, 0.9489 -0.7283 2.4282, 0.9489 -0.7283 2.18, 0.9474 -0.7283 2.18, 0.7874 -0.7283 2.4606, 1.4055 -0.7283 2.4606, 1.4134 -0.7283 2.4282, 1.4134 -0.7283 2.18, 1.538 -0.7283 2.4282, 1.538 -0.7283 2.4606, 1.5394 -0.7283 2.4282, 1.5394 -0.7283 2.18, 1.538 -0.7283 2.18, 1.378 -0.7283 2.4606, -1.4148 -0.7283 0.315, -1.4055 -0.7283 0.315, -1.3976 -0.7283 0.315, -1.3976 -0.7283 0.1575, -1.4055 -0.7283 0.1378, -0.8149 -0.7283 0.315, -0.8242 -0.7283 0.315, -0.8149 -0.7283 0.1378, -0.8242 -0.7283 0.1378, -0.8242 -0.7283 0.1575, -0.9567 -0.7283 0.1575, -0.2337 -0.7283 0.315, -0.7874 -0.7283 0.9154, 0.1969 -0.7283 0.1181, 0.1969 -0.7283 0.1378, 0.1969 -0.7283 0.2362, -0.2244 -0.7283 0.315, -0.2244 -0.7283 0.1378, -0.2337 -0.7283 0.1378, -0.2337 -0.7283 0.1575, -0.3662 -0.7283 0.1575, 0.9567 -0.7283 0.315, 0.9474 -0.7283 0.315, 0.9567 -0.7283 0.1378, 0.9474 -0.7283 0.1378, 0.9474 -0.7283 0.1575, 0.8149 -0.7283 0.1575, 1.5473 -0.7283 0.315, 1.538 -0.7283 0.315, 0.9843 -0.7283 0.9154, 1.5473 -0.7283 0.1378, 1.538 -0.7283 0.1378, 1.538 -0.7283 0.1575, 1.4055 -0.7283 0.1575, 2.2638 -0.7283 2.057, 2.2638 -0.7283 1.2697, 2.2638 -0.7283 0.4602, 2.2638 -0.7283 0.2362, -1.4148 -0.7283 0.1181, -0.8242 -0.7283 0.1181, -0.9567 -0.7283 0.1181, -0.9843 -0.7283 0.1181, -0.2337 -0.7283 0.1181, -0.3662 -0.7283 0.1181, -0.3937 -0.7283 0.1181, 0.9474 -0.7283 0.1181, 0.8149 -0.7283 0.1181, 0.7874 -0.7283 0.1181, 1.538 -0.7283 0.1181, 1.4055 -0.7283 0.1181, 1.378 -0.7283 0.1181, -2.5 1.3189 3.0118, -2.4973 1.3189 3.0322, -2.4895 1.3189 3.0512, -2.4769 1.3189 3.0675, -2.4606 1.3189 3.08, -2.4416 1.3189 3.0879, -2.4213 1.3189 3.0906, -2.4213 -1.3189 2.5394, -2.4416 -1.3189 2.5367, -2.4606 -1.3189 2.5288, -2.4769 -1.3189 2.5163, -2.4895 -1.3189 2.5, -2.4973 -1.3189 2.481, -2.5 -1.3189 2.4606, -2.5 -1.3189 2.4606
            ]
        }
        coordIndex [
            0,1,2,-1,3,4,2,-1,2,4,5,-1,2,5,0,-1,0,5,6,-1,7,8,9,-1,9,8,6,-1,6,5,9,-1,9,5,10,-1,9,10,11,-1,12,13,14,-1,14,13,15,-1,16,17,18,-1,18,17,19,-1,20,21,22,-1,22,21,23,-1,24,25,26,-1,26,25,27,-1,28,29,30,-1,30,29,31,-1,32,33,34,-1,34,33,35,-1,36,37,38,-1,38,37,39,-1,40,41,42,-1,42,41,43,-1,44,45,46,-1,46,45,47,-1,48,49,50,-1,50,49,51,-1,52,53,54,-1,54,53,55,-1,56,57,58,-1,58,57,59,-1,60,61,62,-1,62,61,63,-1,63,64,62,-1,62,64,65,-1,62,65,66,-1,67,68,69,-1,69,70,67,-1,67,70,71,-1,67,71,72,-1,66,67,62,-1,62,67,72,-1,62,72,73,-1,73,72,74,-1,73,74,75,-1,76,77,78,-1,68,79,80,-1,68,80,69,-1,69,81,78,-1,78,81,82,-1,78,82,76,-1,80,83,69,-1,69,83,84,-1,69,84,85,-1,85,86,69,-1,69,86,87,-1,69,87,81,-1,80,88,89,-1,80,89,83,-1,83,89,90,-1,83,90,84,-1,84,90,91,-1,84,91,85,-1,85,91,92,-1,85,92,86,-1,86,92,93,-1,86,93,87,-1,87,93,94,-1,87,94,81,-1,81,94,95,-1,81,95,82,-1,82,95,96,-1,82,96,76,-1,95,88,96,-1,96,88,97,-1,96,97,98,-1,95,94,88,-1,88,94,93,-1,88,93,92,-1,92,91,88,-1,88,91,90,-1,88,90,89,-1,99,100,101,-1,99,101,102,-1,102,101,103,-1,102,103,104,-1,104,103,105,-1,104,105,106,-1,106,105,107,-1,106,107,108,-1,108,107,109,-1,108,109,110,-1,110,109,111,-1,110,111,112,-1,112,111,113,-1,112,113,114,-1,114,113,115,-1,114,115,116,-1,113,100,115,-1,115,100,117,-1,115,117,118,-1,105,103,107,-1,107,103,109,-1,113,111,100,-1,100,111,109,-1,100,109,101,-1,101,109,103,-1,116,119,120,-1,120,99,116,-1,116,99,102,-1,116,102,114,-1,106,108,104,-1,104,108,110,-1,104,110,102,-1,102,110,112,-1,102,112,114,-1,121,122,123,-1,121,123,124,-1,124,123,125,-1,124,125,126,-1,126,125,127,-1,126,127,128,-1,128,127,129,-1,128,129,130,-1,130,129,131,-1,130,131,132,-1,132,131,133,-1,132,133,134,-1,134,133,135,-1,134,135,136,-1,136,135,137,-1,136,137,138,-1,138,139,140,-1,124,126,128,-1,128,130,124,-1,124,130,132,-1,124,132,134,-1,140,121,138,-1,138,121,124,-1,138,124,136,-1,136,124,134,-1,141,142,137,-1,129,127,143,-1,127,125,143,-1,143,125,123,-1,143,123,144,-1,144,123,122,-1,144,122,145,-1,137,135,141,-1,141,135,133,-1,141,133,143,-1,143,133,131,-1,143,131,129,-1,146,147,148,-1,148,149,150,-1,143,144,151,-1,151,144,152,-1,153,154,148,-1,148,154,155,-1,148,155,146,-1,153,148,156,-1,156,148,150,-1,156,150,152,-1,152,150,157,-1,152,157,151,-1,158,159,149,-1,149,159,160,-1,149,160,150,-1,148,161,162,-1,148,162,149,-1,149,162,163,-1,149,163,158,-1,158,163,164,-1,158,164,159,-1,159,164,165,-1,159,165,160,-1,160,165,166,-1,160,166,150,-1,150,166,167,-1,150,167,157,-1,157,167,168,-1,157,168,151,-1,152,169,170,-1,152,170,156,-1,156,170,171,-1,156,171,153,-1,153,171,172,-1,153,172,154,-1,154,172,173,-1,154,173,155,-1,155,173,174,-1,155,174,146,-1,146,174,175,-1,146,175,147,-1,176,177,178,-1,178,179,176,-1,176,179,180,-1,176,180,181,-1,181,180,182,-1,183,184,185,-1,185,184,186,-1,187,188,186,-1,186,188,185,-1,189,190,191,-1,191,190,188,-1,191,188,192,-1,192,188,187,-1,192,187,193,-1,194,195,196,-1,196,195,197,-1,196,197,198,-1,198,197,199,-1,196,198,200,-1,200,198,201,-1,202,203,201,-1,201,203,200,-1,204,205,206,-1,206,205,207,-1,207,208,206,-1,206,208,209,-1,206,209,210,-1,211,212,213,-1,214,215,216,-1,217,218,219,-1,212,211,220,-1,178,177,221,-1,222,223,178,-1,224,225,226,-1,226,225,179,-1,178,223,179,-1,179,223,227,-1,179,227,226,-1,228,229,191,-1,192,230,191,-1,191,230,231,-1,191,231,228,-1,232,233,234,-1,235,236,232,-1,232,236,237,-1,238,239,240,-1,241,242,243,-1,243,242,244,-1,243,244,240,-1,240,244,215,-1,240,215,238,-1,245,246,215,-1,247,248,249,-1,215,246,238,-1,238,246,250,-1,238,250,251,-1,251,250,252,-1,251,252,253,-1,253,252,245,-1,253,245,254,-1,254,245,255,-1,254,255,249,-1,249,255,256,-1,249,256,247,-1,257,258,259,-1,260,261,262,-1,263,264,265,-1,265,264,266,-1,265,266,262,-1,262,266,267,-1,262,267,260,-1,211,209,220,-1,220,209,208,-1,220,208,268,-1,268,208,269,-1,270,271,272,-1,273,274,275,-1,276,277,278,-1,279,280,281,-1,282,283,279,-1,284,285,286,-1,279,283,287,-1,288,289,290,-1,290,289,291,-1,283,292,287,-1,287,292,286,-1,287,286,291,-1,291,286,285,-1,291,285,290,-1,293,294,295,-1,296,297,293,-1,293,297,298,-1,298,297,299,-1,298,299,300,-1,301,302,303,-1,304,305,306,-1,306,305,307,-1,308,309,310,-1,310,309,305,-1,310,305,311,-1,311,305,304,-1,311,304,312,-1,313,314,315,-1,316,317,318,-1,318,317,319,-1,318,319,314,-1,314,319,320,-1,314,320,315,-1,321,322,323,-1,324,325,321,-1,326,327,328,-1,329,330,331,-1,331,330,332,-1,331,332,327,-1,327,332,333,-1,327,333,328,-1,321,325,333,-1,333,325,334,-1,333,334,328,-1,335,217,336,-1,337,338,339,-1,339,338,328,-1,340,341,342,-1,343,344,345,-1,341,340,346,-1,346,340,337,-1,346,337,347,-1,347,337,339,-1,347,339,342,-1,342,339,345,-1,342,345,340,-1,340,345,344,-1,340,344,348,-1,349,350,351,-1,349,351,352,-1,352,351,315,-1,352,315,308,-1,308,315,320,-1,308,320,309,-1,303,353,354,-1,308,301,352,-1,352,301,303,-1,352,303,355,-1,355,303,354,-1,355,354,356,-1,356,354,357,-1,356,357,358,-1,358,357,349,-1,358,349,359,-1,359,349,352,-1,359,352,355,-1,360,361,362,-1,353,303,362,-1,362,303,363,-1,362,363,360,-1,360,363,364,-1,360,364,365,-1,366,367,368,-1,369,370,371,-1,367,366,372,-1,372,366,365,-1,372,365,373,-1,373,365,364,-1,373,364,368,-1,368,364,371,-1,368,371,366,-1,366,371,370,-1,366,370,374,-1,375,376,377,-1,377,376,286,-1,378,379,380,-1,381,382,383,-1,379,378,384,-1,384,378,375,-1,384,375,385,-1,385,375,377,-1,385,377,380,-1,380,377,383,-1,380,383,378,-1,378,383,382,-1,378,382,386,-1,387,388,389,-1,390,391,392,-1,392,391,393,-1,392,393,277,-1,277,393,273,-1,277,273,278,-1,278,273,275,-1,278,275,389,-1,389,275,387,-1,387,275,394,-1,387,394,395,-1,396,397,398,-1,394,396,399,-1,399,396,398,-1,399,398,400,-1,400,398,401,-1,400,401,402,-1,402,401,395,-1,402,395,403,-1,403,395,394,-1,403,394,399,-1,404,405,406,-1,397,396,407,-1,407,396,408,-1,407,408,409,-1,409,408,410,-1,409,410,411,-1,412,413,414,-1,414,413,405,-1,414,415,412,-1,412,415,411,-1,412,411,406,-1,406,411,410,-1,406,410,404,-1,405,404,414,-1,414,404,267,-1,414,267,416,-1,417,418,419,-1,420,416,421,-1,421,416,267,-1,421,267,422,-1,422,267,266,-1,422,266,419,-1,419,266,264,-1,419,264,417,-1,423,424,425,-1,426,427,428,-1,424,423,429,-1,429,423,417,-1,429,417,430,-1,430,417,264,-1,430,264,425,-1,425,264,431,-1,425,431,423,-1,423,431,428,-1,423,428,432,-1,432,428,427,-1,432,427,433,-1,434,435,426,-1,434,426,259,-1,259,426,428,-1,259,428,257,-1,257,428,436,-1,257,436,437,-1,438,439,440,-1,439,438,441,-1,441,438,434,-1,441,434,442,-1,442,434,259,-1,442,259,440,-1,440,259,443,-1,440,443,438,-1,438,443,256,-1,438,256,444,-1,245,215,255,-1,255,215,214,-1,255,214,445,-1,446,444,447,-1,447,444,256,-1,447,256,448,-1,448,256,255,-1,448,255,449,-1,449,255,445,-1,449,445,450,-1,450,445,451,-1,450,451,216,-1,216,451,452,-1,216,452,214,-1,453,454,455,-1,456,216,457,-1,457,216,215,-1,457,215,458,-1,458,215,244,-1,458,244,455,-1,455,244,242,-1,455,242,453,-1,459,460,461,-1,234,462,463,-1,463,462,464,-1,232,234,235,-1,235,234,463,-1,235,463,465,-1,460,459,466,-1,466,459,453,-1,466,453,467,-1,467,453,242,-1,467,242,461,-1,461,242,468,-1,461,468,459,-1,459,468,235,-1,459,235,469,-1,469,235,465,-1,469,465,470,-1,471,472,473,-1,472,471,474,-1,474,471,462,-1,474,462,475,-1,475,462,234,-1,475,234,473,-1,473,234,476,-1,473,476,471,-1,471,476,231,-1,471,231,477,-1,478,479,480,-1,481,477,482,-1,482,477,231,-1,482,231,483,-1,483,231,230,-1,483,230,484,-1,484,230,485,-1,484,485,486,-1,486,485,224,-1,486,224,480,-1,480,224,226,-1,480,226,478,-1,478,226,487,-1,478,487,488,-1,217,219,336,-1,336,219,489,-1,336,489,487,-1,487,489,490,-1,487,490,488,-1,488,490,491,-1,488,491,219,-1,219,491,492,-1,219,492,489,-1,410,199,493,-1,493,199,197,-1,493,197,494,-1,494,197,495,-1,494,495,496,-1,496,495,497,-1,496,497,498,-1,498,497,260,-1,498,260,499,-1,499,260,267,-1,499,267,500,-1,500,267,404,-1,500,404,493,-1,493,404,410,-1,501,502,503,-1,502,501,504,-1,504,501,505,-1,504,505,506,-1,506,505,436,-1,506,436,507,-1,507,436,428,-1,507,428,508,-1,508,428,431,-1,508,431,503,-1,503,431,264,-1,503,264,501,-1,501,264,263,-1,501,263,509,-1,510,511,512,-1,511,510,513,-1,513,510,514,-1,513,514,515,-1,515,514,247,-1,515,247,516,-1,516,247,256,-1,516,256,517,-1,517,256,443,-1,517,443,512,-1,512,443,259,-1,512,259,510,-1,510,259,258,-1,510,258,518,-1,519,520,521,-1,520,519,522,-1,522,519,523,-1,522,523,524,-1,524,523,236,-1,524,236,525,-1,525,236,235,-1,525,235,526,-1,526,235,468,-1,526,468,521,-1,521,468,242,-1,521,242,519,-1,519,242,241,-1,519,241,527,-1,528,529,530,-1,529,528,531,-1,531,528,532,-1,531,532,533,-1,533,532,228,-1,533,228,534,-1,534,228,231,-1,534,231,535,-1,535,231,476,-1,535,476,530,-1,530,476,234,-1,530,234,528,-1,528,234,233,-1,528,233,536,-1,269,396,268,-1,268,396,394,-1,268,394,537,-1,537,394,275,-1,537,275,538,-1,538,275,539,-1,539,275,274,-1,539,274,540,-1,540,274,270,-1,540,270,213,-1,213,270,541,-1,213,541,211,-1,292,542,286,-1,286,542,543,-1,286,543,377,-1,377,543,276,-1,377,276,383,-1,383,276,278,-1,383,278,381,-1,381,278,389,-1,279,544,282,-1,282,544,545,-1,282,545,546,-1,546,545,390,-1,546,390,547,-1,547,390,392,-1,363,548,364,-1,364,548,284,-1,364,284,371,-1,371,284,286,-1,371,286,369,-1,369,286,376,-1,369,376,549,-1,306,550,304,-1,304,550,551,-1,304,551,312,-1,312,551,552,-1,312,552,302,-1,302,552,300,-1,302,300,303,-1,303,300,299,-1,303,299,363,-1,363,299,553,-1,363,553,548,-1,293,554,296,-1,296,554,555,-1,296,555,556,-1,556,555,288,-1,556,288,557,-1,557,288,290,-1,334,558,328,-1,328,558,559,-1,328,559,339,-1,339,559,313,-1,339,313,345,-1,345,313,315,-1,345,315,343,-1,343,315,351,-1,321,560,324,-1,324,560,561,-1,324,561,562,-1,562,561,316,-1,562,316,563,-1,563,316,318,-1,227,564,226,-1,226,564,565,-1,226,565,487,-1,487,565,326,-1,487,326,336,-1,336,326,328,-1,336,328,335,-1,335,328,338,-1,335,338,566,-1,178,567,222,-1,222,567,568,-1,222,568,569,-1,569,568,329,-1,569,329,570,-1,570,329,331,-1,192,193,230,-1,230,193,571,-1,230,571,485,-1,485,571,572,-1,485,572,224,-1,224,572,573,-1,224,573,225,-1,225,573,574,-1,270,272,541,-1,541,272,575,-1,541,575,211,-1,211,575,210,-1,211,210,209,-1,279,281,544,-1,544,281,576,-1,544,576,545,-1,545,576,577,-1,545,577,390,-1,390,577,578,-1,390,578,391,-1,293,295,554,-1,554,295,579,-1,554,579,555,-1,555,579,580,-1,555,580,288,-1,288,580,581,-1,288,581,289,-1,321,323,560,-1,560,323,582,-1,560,582,561,-1,561,582,583,-1,561,583,316,-1,316,583,584,-1,316,584,317,-1,178,221,567,-1,567,221,585,-1,567,585,568,-1,568,585,586,-1,568,586,329,-1,329,586,587,-1,329,587,330,-1,588,62,73,-1,588,73,589,-1,589,73,75,-1,589,75,590,-1,590,75,74,-1,590,74,591,-1,591,74,72,-1,591,72,592,-1,592,72,71,-1,592,71,593,-1,593,71,70,-1,593,70,594,-1,595,67,66,-1,595,66,596,-1,596,66,65,-1,596,65,597,-1,597,65,64,-1,597,64,598,-1,598,64,63,-1,598,63,599,-1,599,63,61,-1,599,61,600,-1,600,61,60,-1,600,60,601,-1,
        ]
    }
}
Shape{
    appearance Appearance {
        material  Material 	{
            diffuseColor 0.29411764705882354 0.29411764705882354 0.29411764705882354
            specularColor 0.14901960784313725 0.14901960784313725 0.14901960784313725
            ambientIntensity 0.2
            transparency 0
            shininess 0.5
        }
    }
    geometry IndexedFaceSet {
        ccw TRUE
        solid FALSE
        coord DEF co Coordinate {
            point [
                -0.1698 0.1145 0.0, -0.2613 0.1145 0.0, -0.1698 0.1145 -0.0197, -0.2613 0.1145 -0.0197, -0.2817 0.1093 0.0, -0.2817 0.1093 -0.0197, -0.2969 0.0989 0.0, -0.2969 0.0989 -0.0197, -0.3071 0.0833 0.0, -0.3071 0.0833 -0.0197, -0.3122 0.0626 0.0, -0.3122 0.0626 -0.0197, -0.3122 -0.0153 0.0, -0.3122 -0.0153 -0.0197, -0.3071 -0.0361 0.0, -0.3071 -0.0361 -0.0197, -0.2969 -0.0517 0.0, -0.2969 -0.0517 -0.0197, -0.2817 -0.0621 0.0, -0.2817 -0.0621 -0.0197, -0.2613 -0.0673 0.0, -0.2613 -0.0673 -0.0197, -0.1698 -0.0673 0.0, -0.1698 -0.0673 -0.0197, -0.4851 0.1249 0.0, -0.5308 -0.0153 0.0, -0.4851 0.1249 -0.0197, -0.5308 -0.0153 -0.0197, -0.4393 -0.0153 0.0, -0.4393 -0.0153 -0.0197, -0.4393 -0.0153 -0.0197
            ]
        }
        coordIndex [
            0,1,2,-1,2,1,3,-1,1,4,3,-1,3,4,5,-1,4,6,5,-1,5,6,7,-1,6,8,7,-1,7,8,9,-1,8,10,9,-1,9,10,11,-1,10,12,11,-1,11,12,13,-1,12,14,13,-1,13,14,15,-1,14,16,15,-1,15,16,17,-1,16,18,17,-1,17,18,19,-1,18,20,19,-1,19,20,21,-1,20,22,21,-1,21,22,23,-1,22,0,23,-1,23,0,2,-1,24,25,26,-1,26,25,27,-1,25,28,27,-1,27,28,29,-1,28,24,29,-1,29,24,26,-1,
        ]
    }
}
Shape{
    appearance Appearance {
        material  Material 	{
            diffuseColor 0.8509803921568627 0.807843137254902 0.7372549019607844
            specularColor 0.4235294117647059 0.403921568627451 0.3686274509803922
            ambientIntensity 0.2
            transparency 0
            shininess 0.5
        }
    }
    geometry IndexedFaceSet {
        ccw TRUE
        solid FALSE
        coord DEF co Coordinate {
            point [
                -1.0274 0.6735 2.5394, -1.6732 0.6735 2.5394, -1.6732 -0.2165 2.5394, -0.7151 0.6735 2.5394, -0.7151 1.3189 2.5394, -1.0274 1.3189 2.5394, 1.0274 1.3189 2.5394, 0.7151 1.3189 2.5394, 1.0274 0.6735 2.5394, 0.7151 0.6735 2.5394, 2.4213 -1.3189 2.5394, 2.4213 -0.2165 2.5394, 1.5748 -1.3189 2.5394, 1.6732 -0.2165 2.5394, 0.8858 -1.3189 2.5394, 0.2953 -1.3189 2.5394, 1.6732 0.6735 2.5394, -0.8858 -1.3189 2.5394, -1.5748 -1.3189 2.5394, -2.4213 -0.2165 2.5394, -2.4213 -1.3189 2.5394, -0.2953 -1.3189 2.5394, -1.5945 -1.0433 0.6791, -1.5945 -1.3189 0.6791, -1.5945 -1.0433 0.0, -1.5945 -1.3189 0.2267, -1.5945 -1.3189 0.0, -1.6732 -1.3189 0.6791, -1.6732 -1.0433 0.6791, -1.6732 -1.0433 1.6634, -1.6732 -1.3189 1.6634, -1.6732 -1.3189 1.1471, -1.5945 -1.3189 1.6634, -1.5945 -1.0433 1.6634, -1.5945 -1.3189 2.3004, -1.5945 -1.0433 2.3425, -1.5945 -1.3189 2.3425, -1.3583 -1.0433 2.3425, -1.3583 -1.3189 2.3425, -1.3976 -1.2402 2.3425, -1.5748 -1.3189 2.3425, -1.5551 -1.2402 2.3425, -1.5551 -1.0827 2.3425, -1.3976 -1.0827 2.3425, -1.3583 -1.3189 2.3004, -1.3583 -1.0433 1.6634, -1.3583 -1.3189 1.6634, -1.2795 -1.3189 1.6634, -1.2795 -1.0433 1.6634, -1.2795 -1.3189 1.1471, -1.2795 -1.0433 0.6791, -1.2795 -1.3189 0.6791, -1.3583 -1.3189 0.6791, -1.3583 -1.0433 0.6791, -1.3583 -1.3189 0.2267, -1.3583 -1.0433 0.0, -1.3583 -1.3189 0.0, -1.0039 -1.0433 0.6791, -1.0039 -1.3189 0.6791, -1.0039 -1.0433 0.0, -1.0039 -1.3189 0.2267, -1.0039 -1.3189 0.0, -1.0827 -1.0433 0.6791, -1.0827 -1.3189 0.6791, -1.0827 -1.0433 1.6634, -1.0827 -1.3189 1.6634, -1.0827 -1.3189 1.1471, -1.0039 -1.0433 1.6634, -1.0039 -1.3189 1.6634, -1.0039 -1.3189 2.3004, -1.0039 -1.0433 2.3425, -1.0039 -1.3189 2.3425, -0.9646 -1.2402 2.3425, -0.9646 -1.0827 2.3425, -0.8071 -1.0827 2.3425, -0.7677 -1.0433 2.3425, -0.8071 -1.2402 2.3425, -0.7677 -1.3189 2.3425, -0.8858 -1.3189 2.3425, -0.7677 -1.3189 2.3004, -0.7677 -1.0433 1.6634, -0.7677 -1.3189 1.6634, -0.689 -1.0433 1.6634, -0.689 -1.3189 1.6634, -0.689 -1.3189 1.1471, -0.689 -1.0433 0.6791, -0.689 -1.3189 0.6791, -0.7677 -1.0433 0.6791, -0.7677 -1.3189 0.6791, -0.7677 -1.3189 0.2267, -0.7677 -1.0433 0.0, -0.7677 -1.3189 0.0, -0.4134 -1.0433 0.6791, -0.4134 -1.3189 0.6791, -0.4134 -1.0433 0.0, -0.4134 -1.3189 0.2267, -0.4134 -1.3189 0.0, -0.4921 -1.0433 0.6791, -0.4921 -1.3189 0.6791, -0.4921 -1.0433 1.6634, -0.4921 -1.3189 1.6634, -0.4921 -1.3189 1.1471, -0.4134 -1.0433 1.6634, -0.4134 -1.3189 1.6634, -0.4134 -1.3189 2.3004, -0.4134 -1.0433 2.3425, -0.4134 -1.3189 2.3425, -0.1772 -1.0433 2.3425, -0.1772 -1.3189 2.3425, -0.2165 -1.2402 2.3425, -0.2953 -1.3189 2.3425, -0.374 -1.2402 2.3425, -0.374 -1.0827 2.3425, -0.2165 -1.0827 2.3425, -0.1772 -1.3189 2.3004, -0.1772 -1.0433 1.6634, -0.1772 -1.3189 1.6634, -0.0984 -1.0433 1.6634, -0.0984 -1.3189 1.6634, -0.0984 -1.3189 1.1471, -0.0984 -1.0433 0.6791, -0.0984 -1.3189 0.6791, -0.1772 -1.0433 0.6791, -0.1772 -1.3189 0.6791, -0.1772 -1.3189 0.2267, -0.1772 -1.0433 0.0, -0.1772 -1.3189 0.0, 0.1772 -1.0433 0.6791, 0.1772 -1.3189 0.6791, 0.1772 -1.0433 0.0, 0.1772 -1.3189 0.2267, 0.1772 -1.3189 0.0, 0.0984 -1.0433 0.6791, 0.0984 -1.3189 0.6791, 0.0984 -1.0433 1.6634, 0.0984 -1.3189 1.6634, 0.0984 -1.3189 1.1471, 0.1772 -1.0433 1.6634, 0.1772 -1.3189 1.6634, 0.1772 -1.3189 2.3004, 0.1772 -1.0433 2.3425, 0.1772 -1.3189 2.3425, 0.2165 -1.2402 2.3425, 0.2165 -1.0827 2.3425, 0.374 -1.0827 2.3425, 0.4134 -1.0433 2.3425, 0.374 -1.2402 2.3425, 0.4134 -1.3189 2.3425, 0.2953 -1.3189 2.3425, 0.4134 -1.3189 2.3004, 0.4134 -1.0433 1.6634, 0.4134 -1.3189 1.6634, 0.4921 -1.0433 1.6634, 0.4921 -1.3189 1.6634, 0.4921 -1.3189 1.1471, 0.4921 -1.0433 0.6791, 0.4921 -1.3189 0.6791, 0.4134 -1.0433 0.6791, 0.4134 -1.3189 0.6791, 0.4134 -1.3189 0.2267, 0.4134 -1.0433 0.0, 0.4134 -1.3189 0.0, 0.7677 -1.0433 0.6791, 0.7677 -1.3189 0.6791, 0.7677 -1.0433 0.0, 0.7677 -1.3189 0.2267, 0.7677 -1.3189 0.0, 0.689 -1.0433 0.6791, 0.689 -1.3189 0.6791, 0.689 -1.0433 1.6634, 0.689 -1.3189 1.6634, 0.689 -1.3189 1.1471, 0.7677 -1.0433 1.6634, 0.7677 -1.3189 1.6634, 0.7677 -1.3189 2.3004, 0.7677 -1.0433 2.3425, 0.7677 -1.3189 2.3425, 1.0039 -1.0433 2.3425, 1.0039 -1.3189 2.3425, 0.9646 -1.2402 2.3425, 0.8858 -1.3189 2.3425, 0.8071 -1.2402 2.3425, 0.8071 -1.0827 2.3425, 0.9646 -1.0827 2.3425, 1.0039 -1.3189 2.3004, 1.0039 -1.0433 1.6634, 1.0039 -1.3189 1.6634, 1.0827 -1.0433 1.6634, 1.0827 -1.3189 1.6634, 1.0827 -1.3189 1.1471, 1.0827 -1.0433 0.6791, 1.0827 -1.3189 0.6791, 1.0039 -1.0433 0.6791, 1.0039 -1.3189 0.6791, 1.0039 -1.3189 0.2267, 1.0039 -1.0433 0.0, 1.0039 -1.3189 0.0, 1.3583 -1.0433 0.6791, 1.3583 -1.3189 0.6791, 1.3583 -1.0433 0.0, 1.3583 -1.3189 0.2267, 1.3583 -1.3189 0.0, 1.2795 -1.0433 0.6791, 1.2795 -1.3189 0.6791, 1.2795 -1.0433 1.6634, 1.2795 -1.3189 1.6634, 1.2795 -1.3189 1.1471, 1.3583 -1.0433 1.6634, 1.3583 -1.3189 1.6634, 1.3583 -1.3189 2.3004, 1.3583 -1.0433 2.3425, 1.3583 -1.3189 2.3425, 1.5945 -1.0433 2.3425, 1.5945 -1.3189 2.3425, 1.5551 -1.2402 2.3425, 1.5748 -1.3189 2.3425, 1.3976 -1.2402 2.3425, 1.3976 -1.0827 2.3425, 1.5551 -1.0827 2.3425, 1.5945 -1.3189 2.3004, 1.5945 -1.0433 1.6634, 1.5945 -1.3189 1.6634, 1.6732 -1.0433 1.6634, 1.6732 -1.3189 1.6634, 1.6732 -1.3189 1.1471, 1.6732 -1.0433 0.6791, 1.6732 -1.3189 0.6791, 1.5945 -1.0433 0.6791, 1.5945 -1.3189 0.6791, 1.5945 -1.3189 0.2267, 1.5945 -1.0433 0.0, 1.5945 -1.3189 0.0, -1.2795 -1.3189 0.2566, -1.0827 -1.3189 0.2566, -1.2795 -0.9252 0.2566, -1.0827 -0.9252 0.2566, -1.2795 -1.3189 0.4535, -1.2795 -0.9252 0.4535, -1.0827 -1.3189 0.4535, -1.0827 -0.9252 0.4535, -0.689 -1.3189 2.2582, -0.689 -1.3189 1.8408, -0.689 -0.9252 2.2582, -0.689 -0.9252 1.8408, -0.4921 -1.3189 2.2582, -0.4921 -0.9252 2.2582, -0.4921 -1.3189 1.8408, -0.4921 -0.9252 1.8408, -0.689 -1.3189 0.2566, -0.4921 -1.3189 0.2566, -0.689 -0.9252 0.2566, -0.4921 -0.9252 0.2566, -0.689 -1.3189 0.4535, -0.689 -0.9252 0.4535, -0.4921 -1.3189 0.4535, -0.4921 -0.9252 0.4535, -0.0984 -1.3189 2.2582, -0.0984 -1.3189 1.8408, -0.0984 -0.9252 2.2582, -0.0984 -0.9252 1.8408, 0.0984 -1.3189 2.2582, 0.0984 -0.9252 2.2582, 0.0984 -1.3189 1.8408, 0.0984 -0.9252 1.8408, -0.0984 -1.3189 0.2566, 0.0984 -1.3189 0.2566, -0.0984 -0.9252 0.2566, 0.0984 -0.9252 0.2566, -0.0984 -1.3189 0.4535, -0.0984 -0.9252 0.4535, 0.0984 -1.3189 0.4535, 0.0984 -0.9252 0.4535, 0.4921 -1.3189 2.2582, 0.4921 -1.3189 1.8408, 0.4921 -0.9252 2.2582, 0.4921 -0.9252 1.8408, 0.689 -1.3189 2.2582, 0.689 -0.9252 2.2582, 0.689 -1.3189 1.8408, 0.689 -0.9252 1.8408, 0.4921 -1.3189 0.2566, 0.689 -1.3189 0.2566, 0.4921 -0.9252 0.2566, 0.689 -0.9252 0.2566, 0.4921 -1.3189 0.4535, 0.4921 -0.9252 0.4535, 0.689 -1.3189 0.4535, 0.689 -0.9252 0.4535, 1.0827 -1.3189 2.2582, 1.0827 -1.3189 1.8408, 1.0827 -0.9252 2.2582, 1.0827 -0.9252 1.8408, 1.2795 -1.3189 2.2582, 1.2795 -0.9252 2.2582, 1.2795 -1.3189 1.8408, 1.2795 -0.9252 1.8408, 1.0827 -1.3189 0.2566, 1.2795 -1.3189 0.2566, 1.0827 -0.9252 0.2566, 1.2795 -0.9252 0.2566, 1.0827 -1.3189 0.4535, 1.0827 -0.9252 0.4535, 1.2795 -1.3189 0.4535, 1.2795 -0.9252 0.4535, -2.3031 -1.3189 0.2267, -2.3031 -1.3189 0.1969, -2.3031 -0.9252 0.1969, -2.3031 -0.9252 2.3425, -2.3031 -1.3189 2.3425, -2.3031 -1.3189 2.3004, -2.3031 -1.3189 1.1471, -1.8701 -1.3189 2.3425, -1.8701 -0.9252 2.3425, -1.8701 -1.3189 0.1969, -1.8701 -1.3189 0.2267, -1.8701 -0.9252 0.1969, -1.8701 -1.3189 1.1471, -1.8701 -1.3189 2.3004, 2.3031 -1.3189 2.3425, 1.8701 -1.3189 2.3425, 2.3031 -0.9252 2.3425, 1.8701 -0.9252 2.3425, 2.3031 -1.3189 0.1969, 2.3031 -1.3189 0.2267, 2.3031 -0.9252 0.1969, 2.3031 -1.3189 1.1471, 2.3031 -1.3189 2.3004, 1.8701 -1.3189 0.1969, 1.8701 -0.9252 0.1969, 1.8701 -1.3189 0.2267, 1.8701 -1.3189 2.3004, 1.8701 -1.3189 1.1471, -1.2795 -1.3189 2.2582, -1.2795 -1.3189 1.8408, -1.2795 -0.9252 2.2582, -1.2795 -0.9252 1.8408, -1.0827 -1.3189 2.2582, -1.0827 -0.9252 2.2582, -1.0827 -1.3189 1.8408, -1.0827 -0.9252 1.8408, -2.4213 1.3189 3.0906, -2.4213 -0.2165 3.0906, -1.6732 1.3189 3.0906, -1.6732 -0.2165 3.0906, -1.6732 0.7842 2.7766, -1.0274 0.7842 2.7766, -1.6732 1.3189 2.5394, -0.7151 0.7842 2.7766, 0.7151 0.7842 2.7766, 1.0274 0.7842 2.7766, 1.6732 0.7842 2.7766, 1.6732 1.3189 2.5394, 2.4213 -0.2165 3.0906, 2.4213 1.3189 3.0906, 1.6732 -0.2165 3.0906, 1.6732 1.3189 3.0906, 2.5 1.3189 3.0118, 2.5 -0.2165 3.0118, 2.5 1.3189 0.0787, 2.5 -0.2165 2.4606, 2.5 -1.3189 0.0787, 2.5 -1.3189 0.2267, 2.5 -1.3189 1.1471, 2.5 -1.3189 2.3004, 2.5 -1.3189 2.4606, 2.2638 -0.7283 0.2362, 2.2638 1.3189 0.2362, 2.1161 -0.7283 0.2362, 1.5748 1.3189 0.2362, 1.5748 -0.7283 0.2362, 2.2638 -0.7283 2.057, 2.2638 -0.7283 2.3031, 2.2638 0.1378 2.3031, 2.2638 -0.7283 0.4602, 2.2638 -0.7283 1.2697, 2.2638 1.3189 2.8937, 2.2638 0.1378 2.8937, -2.2638 -0.7283 0.4602, -2.2638 -0.7283 0.2362, -2.2638 1.3189 0.2362, -2.2638 1.3189 2.8937, -2.2638 0.1378 2.8937, -2.2638 0.1378 2.3031, -2.2638 -0.7283 2.3031, -2.2638 -0.7283 2.057, -2.2638 -0.7283 1.2697, -1.5748 -0.7283 0.2362, -1.5748 1.3189 0.2362, -2.5 -1.3189 2.3004, -2.5 -1.3189 2.4606, -2.5 -0.2165 2.4606, -2.5 -1.3189 1.1471, -2.5 1.3189 0.0787, -2.5 -1.3189 0.2267, -2.5 -1.3189 0.0787, -2.5 1.3189 3.0118, -2.5 -0.2165 3.0118, -2.5 -0.2165 3.0118
            ]
        }
        coordIndex [
            0,1,2,-1,3,4,5,-1,6,7,8,-1,8,7,9,-1,10,11,12,-1,12,11,13,-1,12,13,14,-1,14,13,15,-1,15,13,16,-1,15,16,8,-1,17,2,18,-1,18,2,19,-1,18,19,20,-1,5,0,3,-1,3,0,2,-1,3,2,9,-1,9,2,17,-1,9,17,8,-1,8,17,21,-1,8,21,15,-1,22,23,24,-1,24,23,25,-1,24,25,26,-1,27,23,28,-1,28,23,22,-1,29,30,28,-1,28,30,31,-1,28,31,27,-1,32,30,33,-1,33,30,29,-1,32,33,34,-1,34,33,35,-1,34,35,36,-1,37,38,39,-1,39,38,40,-1,39,40,41,-1,41,40,36,-1,41,36,42,-1,42,36,35,-1,42,35,43,-1,43,35,37,-1,43,37,39,-1,38,37,44,-1,44,37,45,-1,44,45,46,-1,47,46,48,-1,48,46,45,-1,47,48,49,-1,49,48,50,-1,49,50,51,-1,52,51,53,-1,53,51,50,-1,52,53,54,-1,54,53,55,-1,54,55,56,-1,57,58,59,-1,59,58,60,-1,59,60,61,-1,62,63,57,-1,57,63,58,-1,64,65,62,-1,62,65,66,-1,62,66,63,-1,67,68,64,-1,64,68,65,-1,68,67,69,-1,69,67,70,-1,69,70,71,-1,72,71,73,-1,73,71,70,-1,73,70,74,-1,74,70,75,-1,74,75,76,-1,76,75,77,-1,76,77,72,-1,72,77,78,-1,72,78,71,-1,77,75,79,-1,79,75,80,-1,79,80,81,-1,82,83,80,-1,80,83,81,-1,83,82,84,-1,84,82,85,-1,84,85,86,-1,87,88,85,-1,85,88,86,-1,88,87,89,-1,89,87,90,-1,89,90,91,-1,92,93,94,-1,94,93,95,-1,94,95,96,-1,97,98,92,-1,92,98,93,-1,99,100,97,-1,97,100,101,-1,97,101,98,-1,102,103,99,-1,99,103,100,-1,103,102,104,-1,104,102,105,-1,104,105,106,-1,107,108,109,-1,109,108,110,-1,109,110,111,-1,111,110,106,-1,111,106,112,-1,112,106,105,-1,112,105,113,-1,113,105,107,-1,113,107,109,-1,108,107,114,-1,114,107,115,-1,114,115,116,-1,117,118,115,-1,115,118,116,-1,118,117,119,-1,119,117,120,-1,119,120,121,-1,122,123,120,-1,120,123,121,-1,123,122,124,-1,124,122,125,-1,124,125,126,-1,127,128,129,-1,129,128,130,-1,129,130,131,-1,132,133,127,-1,127,133,128,-1,134,135,132,-1,132,135,136,-1,132,136,133,-1,137,138,134,-1,134,138,135,-1,138,137,139,-1,139,137,140,-1,139,140,141,-1,142,141,143,-1,143,141,140,-1,143,140,144,-1,144,140,145,-1,144,145,146,-1,146,145,147,-1,146,147,142,-1,142,147,148,-1,142,148,141,-1,147,145,149,-1,149,145,150,-1,149,150,151,-1,152,153,150,-1,150,153,151,-1,153,152,154,-1,154,152,155,-1,154,155,156,-1,157,158,155,-1,155,158,156,-1,158,157,159,-1,159,157,160,-1,159,160,161,-1,162,163,164,-1,164,163,165,-1,164,165,166,-1,167,168,162,-1,162,168,163,-1,169,170,167,-1,167,170,171,-1,167,171,168,-1,172,173,169,-1,169,173,170,-1,173,172,174,-1,174,172,175,-1,174,175,176,-1,177,178,179,-1,179,178,180,-1,179,180,181,-1,181,180,176,-1,181,176,182,-1,182,176,175,-1,182,175,183,-1,183,175,177,-1,183,177,179,-1,178,177,184,-1,184,177,185,-1,184,185,186,-1,187,188,185,-1,185,188,186,-1,188,187,189,-1,189,187,190,-1,189,190,191,-1,192,193,190,-1,190,193,191,-1,193,192,194,-1,194,192,195,-1,194,195,196,-1,197,198,199,-1,199,198,200,-1,199,200,201,-1,202,203,197,-1,197,203,198,-1,204,205,202,-1,202,205,206,-1,202,206,203,-1,207,208,204,-1,204,208,205,-1,208,207,209,-1,209,207,210,-1,209,210,211,-1,212,213,214,-1,214,213,215,-1,214,215,216,-1,216,215,211,-1,216,211,217,-1,217,211,210,-1,217,210,218,-1,218,210,212,-1,218,212,214,-1,213,212,219,-1,219,212,220,-1,219,220,221,-1,222,223,220,-1,220,223,221,-1,223,222,224,-1,224,222,225,-1,224,225,226,-1,227,228,225,-1,225,228,226,-1,228,227,229,-1,229,227,230,-1,229,230,231,-1,232,233,234,-1,234,233,235,-1,236,232,237,-1,237,232,234,-1,238,236,239,-1,239,236,237,-1,233,238,235,-1,235,238,239,-1,240,241,242,-1,242,241,243,-1,244,240,245,-1,245,240,242,-1,246,244,247,-1,247,244,245,-1,241,246,243,-1,243,246,247,-1,248,249,250,-1,250,249,251,-1,252,248,253,-1,253,248,250,-1,254,252,255,-1,255,252,253,-1,249,254,251,-1,251,254,255,-1,256,257,258,-1,258,257,259,-1,260,256,261,-1,261,256,258,-1,262,260,263,-1,263,260,261,-1,257,262,259,-1,259,262,263,-1,264,265,266,-1,266,265,267,-1,268,264,269,-1,269,264,266,-1,270,268,271,-1,271,268,269,-1,265,270,267,-1,267,270,271,-1,272,273,274,-1,274,273,275,-1,276,272,277,-1,277,272,274,-1,278,276,279,-1,279,276,277,-1,273,278,275,-1,275,278,279,-1,280,281,282,-1,282,281,283,-1,284,280,285,-1,285,280,282,-1,286,284,287,-1,287,284,285,-1,281,286,283,-1,283,286,287,-1,288,289,290,-1,290,289,291,-1,292,288,293,-1,293,288,290,-1,294,292,295,-1,295,292,293,-1,289,294,291,-1,291,294,295,-1,296,297,298,-1,298,297,299,-1,300,296,301,-1,301,296,298,-1,302,300,303,-1,303,300,301,-1,297,302,299,-1,299,302,303,-1,304,305,306,-1,307,308,309,-1,307,309,306,-1,306,309,310,-1,306,310,304,-1,311,308,312,-1,312,308,307,-1,313,314,315,-1,315,314,316,-1,315,316,312,-1,312,316,317,-1,312,317,311,-1,305,313,306,-1,306,313,315,-1,318,319,320,-1,320,319,321,-1,322,323,324,-1,324,323,325,-1,324,325,320,-1,320,325,326,-1,320,326,318,-1,327,322,328,-1,328,322,324,-1,329,327,328,-1,321,319,330,-1,321,330,328,-1,328,330,331,-1,328,331,329,-1,332,333,334,-1,334,333,335,-1,336,332,337,-1,337,332,334,-1,338,336,339,-1,339,336,337,-1,333,338,335,-1,335,338,339,-1,340,341,342,-1,342,341,343,-1,344,345,346,-1,346,345,5,-1,347,348,4,-1,4,348,7,-1,349,350,6,-1,6,350,351,-1,352,353,354,-1,354,353,355,-1,356,357,358,-1,358,357,359,-1,360,358,361,-1,361,358,362,-1,362,358,363,-1,363,358,359,-1,363,359,364,-1,365,366,367,-1,367,366,368,-1,367,368,369,-1,370,371,372,-1,365,373,366,-1,366,373,374,-1,374,370,366,-1,366,370,372,-1,366,372,375,-1,375,372,376,-1,377,378,379,-1,380,381,379,-1,379,381,382,-1,382,383,384,-1,382,384,379,-1,379,384,385,-1,379,385,377,-1,386,387,378,-1,378,387,379,-1,388,389,390,-1,391,392,393,-1,393,392,394,-1,391,388,392,-1,392,388,390,-1,392,390,395,-1,395,390,396,-1,
        ]
    }
}
Shape{
    appearance Appearance {
        material  Material 	{
            diffuseColor 0.29411764705882354 0.29411764705882354 0.29411764705882354
            specularColor 0.14901960784313725 0.14901960784313725 0.14901960784313725
            ambientIntensity 0.2
            transparency 0
            shininess 0.5
        }
    }
    geometry IndexedFaceSet {
        ccw TRUE
        solid FALSE
        coord DEF co Coordinate {
            point [
                0.5167 0.1457 -0.0197, 0.5472 0.1457 -0.0197, 0.5167 -0.0673 -0.0197, 0.5472 -0.0984 -0.0197, 0.3642 -0.0673 -0.0197, 0.3642 -0.0984 -0.0197, 0.1557 0.0833 -0.0197, 0.1252 0.0833 -0.0197, 0.1608 0.0989 -0.0197, 0.1302 0.1093 -0.0197, 0.176 0.1093 -0.0197, 0.1252 -0.0361 -0.0197, 0.1557 -0.0361 -0.0197, 0.1302 -0.0621 -0.0197, 0.1608 -0.0517 -0.0197, 0.1506 -0.0828 -0.0197, 0.176 -0.0621 -0.0197, 0.1506 0.1301 -0.0197, 0.1709 0.1405 -0.0197, 0.1964 0.1145 -0.0197, 0.1964 0.1457 -0.0197, 0.2421 0.1145 -0.0197, 0.2421 0.1457 -0.0197, 0.2625 0.1093 -0.0197, 0.2625 -0.0621 -0.0197, 0.2676 -0.0932 -0.0197, 0.2421 -0.0673 -0.0197, 0.2421 -0.0984 -0.0197, 0.1964 -0.0673 -0.0197, 0.1964 -0.0984 -0.0197, 0.1709 -0.0932 -0.0197, 0.2676 0.1405 -0.0197, 0.2879 0.1301 -0.0197, 0.2777 0.0989 -0.0197, 0.3082 0.1093 -0.0197, 0.2879 0.0833 -0.0197, 0.3184 0.0885 -0.0197, 0.293 0.0626 -0.0197, 0.3235 0.0626 -0.0197, 0.293 -0.0153 -0.0197, 0.3235 -0.0153 -0.0197, 0.2879 -0.0361 -0.0197, 0.3184 -0.0413 -0.0197, 0.2777 -0.0517 -0.0197, 0.3082 -0.0621 -0.0197, 0.2879 -0.0828 -0.0197, -0.0986 -0.0984 -0.0197, -0.0986 -0.0673 -0.0197, 0.0845 -0.0984 -0.0197, 0.054 -0.0673 -0.0197, -0.0782 0.0158 -0.0197, -0.0782 0.047 -0.0197, 0.054 0.0158 -0.0197, 0.054 0.047 -0.0197, -0.0986 0.1145 -0.0197, -0.0986 0.1457 -0.0197, 0.054 0.1145 -0.0197, 0.0845 0.1457 -0.0197, -0.2817 0.1093 -0.0197, -0.2867 0.1405 -0.0197, -0.2613 0.1145 -0.0197, -0.2613 0.1457 -0.0197, -0.1698 0.1145 -0.0197, -0.1393 0.1457 -0.0197, -0.1698 -0.0673 -0.0197, -0.1393 -0.0984 -0.0197, -0.2613 -0.0673 -0.0197, -0.2613 -0.0984 -0.0197, -0.2817 -0.0621 -0.0197, -0.2867 -0.0932 -0.0197, -0.3071 -0.0828 -0.0197, -0.2969 -0.0517 -0.0197, -0.3274 -0.0621 -0.0197, -0.3071 -0.0361 -0.0197, -0.3376 -0.0413 -0.0197, -0.3122 -0.0153 -0.0197, -0.3427 -0.0153 -0.0197, -0.3122 0.0626 -0.0197, -0.3427 0.0626 -0.0197, -0.3071 0.0833 -0.0197, -0.3376 0.0885 -0.0197, -0.2969 0.0989 -0.0197, -0.3274 0.1093 -0.0197, -0.3071 0.1301 -0.0197, -0.4393 -0.0153 -0.0197, -0.4851 0.1249 -0.0197, -0.4647 0.1457 -0.0197, -0.5054 0.1457 -0.0197, -0.5308 -0.0153 -0.0197, -0.5868 -0.0984 -0.0197, -0.3834 -0.0984 -0.0197, -0.4139 -0.0984 -0.0197, -0.4342 -0.0361 -0.0197, -0.5563 -0.0984 -0.0197, -0.5359 -0.0361 -0.0197, -0.5359 -0.0361 -0.0197
            ]
        }
        coordIndex [
            0,1,2,-1,2,1,3,-1,2,3,4,-1,4,3,5,-1,6,7,8,-1,8,7,9,-1,8,9,10,-1,11,12,13,-1,13,12,14,-1,13,14,15,-1,15,14,16,-1,9,17,10,-1,10,17,18,-1,10,18,19,-1,19,18,20,-1,19,20,21,-1,21,20,22,-1,21,22,23,-1,24,25,26,-1,26,25,27,-1,26,27,28,-1,28,27,29,-1,28,29,16,-1,16,29,30,-1,16,30,15,-1,22,31,23,-1,23,31,32,-1,23,32,33,-1,33,32,34,-1,33,34,35,-1,35,34,36,-1,35,36,37,-1,37,36,38,-1,37,38,39,-1,39,38,40,-1,39,40,41,-1,41,40,42,-1,41,42,43,-1,43,42,44,-1,43,44,24,-1,24,44,45,-1,24,45,25,-1,46,47,48,-1,48,47,49,-1,50,51,52,-1,52,51,53,-1,54,55,56,-1,56,55,57,-1,56,57,53,-1,53,57,48,-1,53,48,52,-1,52,48,49,-1,58,59,60,-1,60,59,61,-1,60,61,62,-1,62,61,63,-1,62,63,64,-1,64,63,65,-1,64,65,66,-1,66,65,67,-1,66,67,68,-1,67,69,68,-1,68,69,70,-1,68,70,71,-1,71,70,72,-1,71,72,73,-1,73,72,74,-1,73,74,75,-1,75,74,76,-1,75,76,77,-1,77,76,78,-1,77,78,79,-1,79,78,80,-1,79,80,81,-1,81,80,82,-1,81,82,58,-1,58,82,83,-1,58,83,59,-1,84,85,86,-1,86,85,87,-1,87,85,88,-1,87,88,89,-1,90,91,92,-1,93,89,94,-1,94,89,88,-1,94,88,92,-1,92,88,84,-1,92,84,90,-1,90,84,86,-1,
        ]
    }
}
Shape{
    appearance Appearance {
        material  Material 	{
            diffuseColor 0.8509803921568627 0.807843137254902 0.7372549019607844
            specularColor 0.4235294117647059 0.403921568627451 0.3686274509803922
            ambientIntensity 0.2
            transparency 0
            shininess 0.5
        }
    }
    geometry IndexedFaceSet {
        ccw TRUE
        solid FALSE
        coord DEF co Coordinate {
            point [
                -2.4213 -0.7087 0.0, -2.4213 -1.3189 0.0, -2.4388 -1.3189 0.002, -2.4388 1.3189 0.002, -2.4554 -1.3189 0.0078, -2.4554 1.3189 0.0078, -2.4704 -1.3189 0.0172, -2.4704 1.3189 0.0172, -2.4828 -1.3189 0.0296, -2.4828 1.3189 0.0296, -2.4922 -1.3189 0.0446, -2.4922 1.3189 0.0446, -2.498 -1.3189 0.0612, -2.498 1.3189 0.0612, -2.5 -1.3189 0.0787, -2.5 1.3189 0.0787, -2.4213 1.3189 0.0, -1.6732 -1.3189 1.6634, -1.5945 -1.3189 1.6634, -1.5945 -1.3189 2.3004, 1.3583 -1.3189 2.3425, 1.5748 -1.3189 2.3425, 1.5748 -1.3189 2.5394, 2.4828 -1.3189 0.0296, 2.4922 -1.3189 0.0446, 2.3031 -1.3189 0.1969, 1.8701 -1.3189 0.2267, 1.5945 -1.3189 0.2267, 1.8701 -1.3189 0.1969, 1.5945 -1.3189 0.0, 2.4213 -1.3189 0.0, 2.4388 -1.3189 0.002, 2.4554 -1.3189 0.0078, 2.4704 -1.3189 0.0172, 1.5945 -1.3189 0.6791, 1.6732 -1.3189 0.6791, 1.6732 -1.3189 1.1471, 1.8701 -1.3189 1.1471, 1.6732 -1.3189 1.6634, 1.8701 -1.3189 2.3004, 1.5945 -1.3189 1.6634, 1.8701 -1.3189 2.3425, 1.5945 -1.3189 2.3425, 1.5945 -1.3189 2.3004, 2.4973 -1.3189 2.481, 2.4895 -1.3189 2.5, 2.3031 -1.3189 2.3425, 2.4769 -1.3189 2.5163, 2.4606 -1.3189 2.5288, 2.4213 -1.3189 2.5394, 2.4416 -1.3189 2.5367, 0.7677 -1.3189 2.3425, 0.8858 -1.3189 2.3425, 0.8858 -1.3189 2.5394, 1.0039 -1.3189 2.3425, 1.0039 -1.3189 2.3004, 1.3583 -1.3189 2.3004, 1.2795 -1.3189 1.6634, 1.3583 -1.3189 1.6634, 1.2795 -1.3189 1.8408, 1.2795 -1.3189 2.2582, 1.0827 -1.3189 2.2582, 1.0827 -1.3189 1.8408, 1.0039 -1.3189 1.6634, 1.0827 -1.3189 1.6634, 1.3583 -1.3189 0.2267, 1.3583 -1.3189 0.6791, 1.2795 -1.3189 0.4535, 1.2795 -1.3189 1.1471, 1.0827 -1.3189 1.1471, 1.2795 -1.3189 0.6791, 1.0827 -1.3189 0.6791, 1.0827 -1.3189 0.4535, 1.0039 -1.3189 0.6791, 1.0827 -1.3189 0.2566, 1.0039 -1.3189 0.2267, 1.2795 -1.3189 0.2566, 1.3583 -1.3189 0.0, 1.0039 -1.3189 0.0, 0.4134 -1.3189 2.3004, 0.7677 -1.3189 2.3004, 0.4134 -1.3189 2.3425, 0.2953 -1.3189 2.5394, 0.689 -1.3189 1.6634, 0.7677 -1.3189 1.6634, 0.689 -1.3189 1.8408, 0.689 -1.3189 2.2582, 0.4921 -1.3189 2.2582, 0.4921 -1.3189 1.8408, 0.4134 -1.3189 1.6634, 0.4921 -1.3189 1.6634, 0.7677 -1.3189 0.2267, 0.7677 -1.3189 0.6791, 0.689 -1.3189 0.4535, 0.689 -1.3189 1.1471, 0.4921 -1.3189 1.1471, 0.689 -1.3189 0.6791, 0.4921 -1.3189 0.6791, 0.4921 -1.3189 0.4535, 0.4134 -1.3189 0.6791, 0.4921 -1.3189 0.2566, 0.4134 -1.3189 0.2267, 0.689 -1.3189 0.2566, 0.7677 -1.3189 0.0, 0.4134 -1.3189 0.0, -0.1772 -1.3189 2.3425, -0.2953 -1.3189 2.3425, -0.2953 -1.3189 2.5394, -0.4134 -1.3189 2.3425, -0.1772 -1.3189 2.3004, 0.1772 -1.3189 2.3004, 0.1772 -1.3189 2.3425, 0.2953 -1.3189 2.3425, 0.0984 -1.3189 1.6634, 0.1772 -1.3189 1.6634, 0.0984 -1.3189 1.8408, 0.0984 -1.3189 2.2582, -0.0984 -1.3189 2.2582, -0.0984 -1.3189 1.8408, -0.1772 -1.3189 1.6634, -0.0984 -1.3189 1.6634, 0.0984 -1.3189 0.2566, 0.1772 -1.3189 0.2267, 0.0984 -1.3189 0.4535, 0.1772 -1.3189 0.6791, -0.0984 -1.3189 0.4535, 0.0984 -1.3189 0.6791, 0.0984 -1.3189 1.1471, -0.0984 -1.3189 1.1471, -0.0984 -1.3189 0.6791, -0.1772 -1.3189 0.6791, -0.0984 -1.3189 0.2566, -0.1772 -1.3189 0.2267, -0.1772 -1.3189 0.0, -0.1189 -1.3189 0.0, 0.1772 -1.3189 0.0, -1.0039 -1.3189 2.3425, -0.8858 -1.3189 2.3425, -0.8858 -1.3189 2.5394, -0.7677 -1.3189 2.3425, -0.7677 -1.3189 2.3004, -0.4134 -1.3189 2.3004, -0.4921 -1.3189 1.6634, -0.4134 -1.3189 1.6634, -0.4921 -1.3189 1.8408, -0.4921 -1.3189 2.2582, -0.689 -1.3189 2.2582, -0.689 -1.3189 1.8408, -0.7677 -1.3189 1.6634, -0.689 -1.3189 1.6634, -0.4134 -1.3189 0.2267, -0.4134 -1.3189 0.6791, -0.4921 -1.3189 0.4535, -0.4921 -1.3189 1.1471, -0.689 -1.3189 1.1471, -0.4921 -1.3189 0.6791, -0.689 -1.3189 0.6791, -0.689 -1.3189 0.4535, -0.7677 -1.3189 0.6791, -0.689 -1.3189 0.2566, -0.7677 -1.3189 0.2267, -0.4921 -1.3189 0.2566, -0.4134 -1.3189 0.0, -0.7677 -1.3189 0.0, -1.5945 -1.3189 2.3425, -1.5748 -1.3189 2.3425, -1.5748 -1.3189 2.5394, -1.3583 -1.3189 2.3425, -1.3583 -1.3189 2.3004, -1.0039 -1.3189 2.3004, -1.0827 -1.3189 1.6634, -1.0039 -1.3189 1.6634, -1.0827 -1.3189 1.8408, -1.0827 -1.3189 2.2582, -1.2795 -1.3189 2.2582, -1.2795 -1.3189 1.8408, -1.3583 -1.3189 1.6634, -1.2795 -1.3189 1.6634, -1.0039 -1.3189 0.2267, -1.0039 -1.3189 0.6791, -1.0827 -1.3189 0.4535, -1.0827 -1.3189 1.1471, -1.2795 -1.3189 1.1471, -1.0827 -1.3189 0.6791, -1.2795 -1.3189 0.6791, -1.2795 -1.3189 0.4535, -1.3583 -1.3189 0.6791, -1.2795 -1.3189 0.2566, -1.3583 -1.3189 0.2267, -1.0827 -1.3189 0.2566, -1.0039 -1.3189 0.0, -1.3583 -1.3189 0.0, -2.3031 -1.3189 2.3425, -2.4769 -1.3189 2.5163, -2.4895 -1.3189 2.5, -2.4606 -1.3189 2.5288, -1.8701 -1.3189 2.3425, -2.4213 -1.3189 2.5394, -2.4416 -1.3189 2.5367, -1.8701 -1.3189 2.3004, -1.8701 -1.3189 1.1471, -1.6732 -1.3189 1.1471, -1.6732 -1.3189 0.6791, -1.8701 -1.3189 0.2267, -1.5945 -1.3189 0.6791, -2.3031 -1.3189 0.1969, -1.8701 -1.3189 0.1969, -1.5945 -1.3189 0.0, -1.5945 -1.3189 0.2267, -2.4973 -1.3189 2.481, -2.5 -1.3189 2.4606, -2.3031 -1.3189 2.3004, -2.5 -1.3189 2.3004, -2.3031 -1.3189 1.1471, -2.5 -1.3189 1.1471, -2.3031 -1.3189 0.2267, -2.5 -1.3189 0.2267, 2.498 -1.3189 0.0612, 2.5 -1.3189 0.0787, 2.3031 -1.3189 0.2267, 2.5 -1.3189 0.2267, 2.3031 -1.3189 1.1471, 2.5 -1.3189 1.1471, 2.3031 -1.3189 2.3004, 2.5 -1.3189 2.3004, 2.5 -1.3189 2.4606, 2.5 1.3189 0.0787, 2.4213 -0.7087 0.0, 2.498 1.3189 0.0612, 2.4922 1.3189 0.0446, 2.4828 1.3189 0.0296, 2.4704 1.3189 0.0172, 2.4554 1.3189 0.0078, 2.4388 1.3189 0.002, 2.4213 1.3189 0.0, 1.378 0.9252 0.0, 1.378 0.9252 0.1181, 1.5748 0.9252 0.0, 1.5748 0.9252 0.1181, 1.378 1.3189 0.2362, 1.378 1.3189 0.0, 0.9843 1.3189 0.2362, 0.9843 1.3189 0.0, 0.7874 0.9252 0.0, 0.7874 0.9252 0.1181, 0.9843 0.9252 0.0, 0.9843 0.9252 0.1181, 0.7874 1.3189 0.2362, 0.7874 1.3189 0.0, 0.3937 1.3189 0.2362, 0.3937 1.3189 0.0, 0.1969 0.9252 0.0, 0.1969 0.9252 0.1181, 0.3937 0.9252 0.0, 0.3937 0.9252 0.1181, -0.1969 1.3189 0.0, -0.1969 1.3189 0.2362, -0.1189 1.3189 0.0, 0.1969 1.3189 0.2362, 0.1969 1.3189 0.0, -0.3937 0.9252 0.0, -0.3937 0.9252 0.1181, -0.1969 0.9252 0.0, -0.1969 0.9252 0.1181, -0.3937 1.3189 0.2362, -0.3937 1.3189 0.0, -0.7874 1.3189 0.2362, -0.7874 1.3189 0.0, -0.9843 0.9252 0.0, -0.9843 0.9252 0.1181, -0.7874 0.9252 0.0, -0.7874 0.9252 0.1181, -0.9843 1.3189 0.2362, -0.9843 1.3189 0.0, -1.378 1.3189 0.2362, -1.378 1.3189 0.0, -1.378 0.9252 0.0, -1.5748 0.9252 0.0, -1.378 0.9252 0.1181, -1.5748 0.9252 0.1181, 0.7874 1.3189 2.4606, 0.7874 1.3189 2.3031, 0.3937 1.3189 2.3031, -1.378 1.3189 2.4606, -1.5748 1.3189 2.4606, -1.6732 1.3189 2.5394, -0.9843 1.3189 2.4606, -0.9843 1.3189 2.3031, -1.378 1.3189 2.3031, 0.1969 1.3189 2.3031, -0.1969 1.3189 2.3031, 0.1969 1.3189 2.4606, -0.1969 1.3189 2.4606, -0.7874 1.3189 2.4606, -0.3937 1.3189 2.4606, -0.7874 1.3189 2.3031, -0.3937 1.3189 2.3031, 1.6732 1.3189 2.5394, 1.5748 1.3189 2.4606, 1.378 1.3189 2.4606, 1.378 1.3189 2.3031, 0.9843 1.3189 2.3031, 0.9843 1.3189 2.4606, 0.3937 1.3189 2.4606, 0.7151 1.3189 2.5394, 1.0274 1.3189 2.5394, -1.0274 1.3189 2.5394, -0.7151 1.3189 2.5394, -1.5748 1.3189 2.3031, -1.9094 1.3189 2.3031, -1.6732 1.3189 3.0906, -1.9094 1.3189 2.8937, -2.4213 1.3189 3.0906, -2.2638 1.3189 2.8937, -2.4416 1.3189 3.0879, -2.2638 1.3189 0.2362, -1.5748 1.3189 0.2362, -1.5748 1.3189 0.0, 1.5748 1.3189 0.0, 1.5748 1.3189 0.2362, 2.2638 1.3189 0.2362, 1.5748 1.3189 2.3031, 1.9094 1.3189 2.3031, 1.9094 1.3189 2.8937, 1.6732 1.3189 3.0906, 2.2638 1.3189 2.8937, 2.4213 1.3189 3.0906, 2.4388 1.3189 3.0886, -2.5 1.3189 3.0118, -2.4973 1.3189 3.0322, -2.4895 1.3189 3.0512, 2.5 1.3189 3.0118, -2.4769 1.3189 3.0675, -2.4606 1.3189 3.08, 2.4554 1.3189 3.0828, 2.4704 1.3189 3.0734, 2.4828 1.3189 3.0609, 2.4922 1.3189 3.046, 2.498 1.3189 3.0293, 2.498 1.3189 3.0293
            ]
        }
        coordIndex [
            0,1,2,-1,3,4,5,-1,5,4,6,-1,5,6,7,-1,7,6,8,-1,7,8,9,-1,9,8,10,-1,9,10,11,-1,11,10,12,-1,11,12,13,-1,13,12,14,-1,13,14,15,-1,16,0,3,-1,3,0,2,-1,3,2,4,-1,17,18,19,-1,20,21,22,-1,23,24,25,-1,26,27,28,-1,28,27,29,-1,28,29,25,-1,25,29,30,-1,25,30,31,-1,31,32,25,-1,25,32,33,-1,25,33,23,-1,34,27,35,-1,35,27,26,-1,35,26,36,-1,36,26,37,-1,36,37,38,-1,38,37,39,-1,38,39,40,-1,41,42,39,-1,39,42,43,-1,39,43,40,-1,44,45,46,-1,46,45,47,-1,46,47,48,-1,21,42,22,-1,22,42,41,-1,22,41,49,-1,49,41,46,-1,49,46,50,-1,50,46,48,-1,51,52,53,-1,53,52,54,-1,55,56,54,-1,54,56,20,-1,54,20,53,-1,53,20,22,-1,57,58,59,-1,59,58,60,-1,60,58,56,-1,60,56,61,-1,61,56,55,-1,61,55,62,-1,62,55,63,-1,62,63,64,-1,65,66,67,-1,59,62,57,-1,57,62,64,-1,57,64,68,-1,68,64,69,-1,68,69,70,-1,70,69,71,-1,66,70,67,-1,67,70,71,-1,67,71,72,-1,72,71,73,-1,72,73,74,-1,74,73,75,-1,74,75,76,-1,67,76,65,-1,65,76,75,-1,65,75,77,-1,77,75,78,-1,79,80,81,-1,81,80,51,-1,81,51,82,-1,82,51,53,-1,83,84,85,-1,85,84,86,-1,86,84,80,-1,86,80,87,-1,87,80,79,-1,87,79,88,-1,88,79,89,-1,88,89,90,-1,91,92,93,-1,85,88,83,-1,83,88,90,-1,83,90,94,-1,94,90,95,-1,94,95,96,-1,96,95,97,-1,92,96,93,-1,93,96,97,-1,93,97,98,-1,98,97,99,-1,98,99,100,-1,100,99,101,-1,100,101,102,-1,93,102,91,-1,91,102,101,-1,91,101,103,-1,103,101,104,-1,105,82,106,-1,106,82,107,-1,106,107,108,-1,109,110,105,-1,105,110,111,-1,105,111,82,-1,82,111,112,-1,82,112,81,-1,113,114,115,-1,115,114,116,-1,116,114,110,-1,116,110,117,-1,117,110,109,-1,117,109,118,-1,118,109,119,-1,118,119,120,-1,121,122,123,-1,123,122,124,-1,123,124,125,-1,125,124,126,-1,115,118,113,-1,113,118,120,-1,113,120,127,-1,127,120,128,-1,127,128,126,-1,126,128,129,-1,126,129,125,-1,125,129,130,-1,125,130,131,-1,131,130,132,-1,131,132,121,-1,132,133,134,-1,121,132,122,-1,122,132,134,-1,122,134,135,-1,136,137,138,-1,138,137,139,-1,140,141,139,-1,139,141,108,-1,139,108,138,-1,138,108,107,-1,142,143,144,-1,144,143,145,-1,145,143,141,-1,145,141,146,-1,146,141,140,-1,146,140,147,-1,147,140,148,-1,147,148,149,-1,150,151,152,-1,144,147,142,-1,142,147,149,-1,142,149,153,-1,153,149,154,-1,153,154,155,-1,155,154,156,-1,151,155,152,-1,152,155,156,-1,152,156,157,-1,157,156,158,-1,157,158,159,-1,159,158,160,-1,159,160,161,-1,152,161,150,-1,150,161,160,-1,150,160,162,-1,162,160,163,-1,164,165,166,-1,166,165,167,-1,168,169,167,-1,167,169,136,-1,167,136,166,-1,166,136,138,-1,170,171,172,-1,172,171,173,-1,173,171,169,-1,173,169,174,-1,174,169,168,-1,174,168,175,-1,175,168,176,-1,175,176,177,-1,178,179,180,-1,172,175,170,-1,170,175,177,-1,170,177,181,-1,181,177,182,-1,181,182,183,-1,183,182,184,-1,179,183,180,-1,180,183,184,-1,180,184,185,-1,185,184,186,-1,185,186,187,-1,187,186,188,-1,187,188,189,-1,180,189,178,-1,178,189,188,-1,178,188,190,-1,190,188,191,-1,192,193,194,-1,193,192,195,-1,196,197,192,-1,192,197,198,-1,192,198,195,-1,166,197,164,-1,164,197,196,-1,164,196,19,-1,19,196,199,-1,19,199,17,-1,17,199,200,-1,17,200,201,-1,201,200,202,-1,202,200,203,-1,202,203,204,-1,4,2,205,-1,205,2,1,-1,205,1,206,-1,206,1,207,-1,206,207,203,-1,203,207,208,-1,203,208,204,-1,205,12,10,-1,10,8,205,-1,205,8,6,-1,205,6,4,-1,194,209,192,-1,192,209,210,-1,192,210,211,-1,211,210,212,-1,211,212,213,-1,213,212,214,-1,213,214,215,-1,215,214,216,-1,215,216,205,-1,205,216,14,-1,205,14,12,-1,24,217,25,-1,25,217,218,-1,25,218,219,-1,219,218,220,-1,219,220,221,-1,221,220,222,-1,221,222,223,-1,223,222,224,-1,223,224,46,-1,46,224,225,-1,46,225,44,-1,226,218,217,-1,31,30,227,-1,226,217,228,-1,228,217,24,-1,228,24,229,-1,229,24,23,-1,229,23,230,-1,230,23,33,-1,230,33,231,-1,231,33,32,-1,231,32,232,-1,232,32,31,-1,232,31,233,-1,233,31,227,-1,233,227,234,-1,235,236,237,-1,237,236,238,-1,239,240,241,-1,241,240,242,-1,243,244,245,-1,245,244,246,-1,247,248,249,-1,249,248,250,-1,251,252,253,-1,253,252,254,-1,255,256,257,-1,257,256,258,-1,257,258,259,-1,260,261,262,-1,262,261,263,-1,264,265,266,-1,266,265,267,-1,268,269,270,-1,270,269,271,-1,272,273,274,-1,274,273,275,-1,276,277,278,-1,278,277,279,-1,280,281,282,-1,283,284,285,-1,286,287,288,-1,289,290,291,-1,291,290,292,-1,288,283,286,-1,286,283,285,-1,286,285,293,-1,293,285,294,-1,293,294,295,-1,295,294,296,-1,297,298,299,-1,300,301,299,-1,299,301,302,-1,299,302,297,-1,282,303,280,-1,280,303,304,-1,280,304,302,-1,302,304,305,-1,302,305,297,-1,285,306,294,-1,294,306,307,-1,294,307,292,-1,292,307,304,-1,292,304,291,-1,291,304,303,-1,284,308,285,-1,285,308,309,-1,285,309,310,-1,310,309,311,-1,310,311,312,-1,312,311,313,-1,312,313,314,-1,9,11,315,-1,316,317,315,-1,315,317,16,-1,315,16,3,-1,318,319,234,-1,234,319,320,-1,234,320,233,-1,233,320,232,-1,11,13,315,-1,315,13,15,-1,315,15,313,-1,3,5,315,-1,315,5,7,-1,315,7,9,-1,321,298,322,-1,322,298,297,-1,322,297,323,-1,323,297,324,-1,323,324,325,-1,325,324,326,-1,325,326,327,-1,15,328,313,-1,313,328,329,-1,313,329,330,-1,320,325,331,-1,331,226,320,-1,320,226,228,-1,320,228,229,-1,330,332,313,-1,313,332,333,-1,313,333,314,-1,327,334,325,-1,325,334,335,-1,325,335,336,-1,229,230,320,-1,320,230,231,-1,320,231,232,-1,336,337,325,-1,325,337,338,-1,325,338,331,-1,
        ]
    }
}
Shape{
    appearance Appearance {
        material  Material 	{
            diffuseColor 0.29411764705882354 0.29411764705882354 0.29411764705882354
            specularColor 0.14901960784313725 0.14901960784313725 0.14901960784313725
            ambientIntensity 0.2
            transparency 0
            shininess 0.5
        }
    }
    geometry IndexedFaceSet {
        ccw TRUE
        solid FALSE
        coord DEF co Coordinate {
            point [
                0.5472 0.1457 0.0, 0.5472 -0.0984 0.0, 0.5472 0.1457 -0.0197, 0.5472 -0.0984 -0.0197, 0.3642 -0.0984 0.0, 0.3642 -0.0984 -0.0197, 0.3642 -0.0673 0.0, 0.3642 -0.0673 -0.0197, 0.5167 -0.0673 0.0, 0.5167 -0.0673 -0.0197, 0.5167 0.1457 0.0, 0.5167 0.1457 -0.0197, 0.1252 -0.0361 0.0, 0.1557 -0.0361 0.0, 0.1252 -0.0361 -0.0197, 0.1557 -0.0361 -0.0197, 0.1608 -0.0517 0.0, 0.1608 -0.0517 -0.0197, 0.176 -0.0621 0.0, 0.176 -0.0621 -0.0197, 0.1964 -0.0673 0.0, 0.1964 -0.0673 -0.0197, 0.2421 -0.0673 -0.0, 0.2421 -0.0673 -0.0197, 0.2625 -0.0621 -0.0, 0.2625 -0.0621 -0.0197, 0.2777 -0.0517 0.0, 0.2777 -0.0517 -0.0197, 0.2879 -0.0361 0.0, 0.2879 -0.0361 -0.0197, 0.293 -0.0153 0.0, 0.293 -0.0153 -0.0197, 0.293 0.0626 0.0, 0.293 0.0626 -0.0197, 0.2879 0.0833 0.0, 0.2879 0.0833 -0.0197, 0.2777 0.0989 0.0, 0.2777 0.0989 -0.0197, 0.2625 0.1093 -0.0, 0.2625 0.1093 -0.0197, 0.2421 0.1145 -0.0, 0.2421 0.1145 -0.0197, 0.1964 0.1145 0.0, 0.1964 0.1145 -0.0197, 0.176 0.1093 0.0, 0.176 0.1093 -0.0197, 0.1608 0.0989 0.0, 0.1608 0.0989 -0.0197, 0.1557 0.0833 0.0, 0.1557 0.0833 -0.0197, 0.1252 0.0833 -0.0, 0.1252 0.0833 -0.0197, 0.1302 0.1093 0.0, 0.1302 0.1093 -0.0197, 0.1506 0.1301 0.0, 0.1506 0.1301 -0.0197, 0.1709 0.1405 0.0, 0.1709 0.1405 -0.0197, 0.1964 0.1457 0.0, 0.1964 0.1457 -0.0197, 0.2421 0.1457 0.0, 0.2421 0.1457 -0.0197, 0.2676 0.1405 0.0, 0.2676 0.1405 -0.0197, 0.2879 0.1301 -0.0, 0.2879 0.1301 -0.0197, 0.3082 0.1093 0.0, 0.3082 0.1093 -0.0197, 0.3184 0.0885 0.0, 0.3184 0.0885 -0.0197, 0.3235 0.0626 0.0, 0.3235 0.0626 -0.0197, 0.3235 -0.0153 0.0, 0.3235 -0.0153 -0.0197, 0.3184 -0.0413 -0.0, 0.3184 -0.0413 -0.0197, 0.3082 -0.0621 0.0, 0.3082 -0.0621 -0.0197, 0.2879 -0.0828 -0.0, 0.2879 -0.0828 -0.0197, 0.2676 -0.0932 -0.0, 0.2676 -0.0932 -0.0197, 0.2421 -0.0984 -0.0, 0.2421 -0.0984 -0.0197, 0.1964 -0.0984 -0.0, 0.1964 -0.0984 -0.0197, 0.1709 -0.0932 0.0, 0.1709 -0.0932 -0.0197, 0.1506 -0.0828 -0.0, 0.1506 -0.0828 -0.0197, 0.1302 -0.0621 0.0, 0.1302 -0.0621 -0.0197, -0.0986 -0.0673 0.0, 0.054 -0.0673 0.0, -0.0986 -0.0673 -0.0197, 0.054 -0.0673 -0.0197, 0.054 0.0158 0.0, 0.054 0.0158 -0.0197, -0.0782 0.0158 0.0, -0.0782 0.0158 -0.0197, -0.0782 0.047 0.0, -0.0782 0.047 -0.0197, 0.054 0.047 0.0, 0.054 0.047 -0.0197, 0.054 0.1145 0.0, 0.054 0.1145 -0.0197, -0.0986 0.1145 0.0, -0.0986 0.1145 -0.0197, -0.0986 0.1457 0.0, -0.0986 0.1457 -0.0197, 0.0845 0.1457 0.0, 0.0845 0.1457 -0.0197, 0.0845 -0.0984 0.0, 0.0845 -0.0984 -0.0197, -0.0986 -0.0984 0.0, -0.0986 -0.0984 -0.0197, -0.2613 0.1457 0.0, -0.1393 0.1457 0.0, -0.2613 0.1457 -0.0197, -0.1393 0.1457 -0.0197, -0.1393 -0.0984 0.0, -0.1393 -0.0984 -0.0197, -0.2613 -0.0984 0.0, -0.2613 -0.0984 -0.0197, -0.2867 -0.0932 0.0, -0.2867 -0.0932 -0.0197, -0.3071 -0.0828 0.0, -0.3071 -0.0828 -0.0197, -0.3274 -0.0621 0.0, -0.3274 -0.0621 -0.0197, -0.3376 -0.0413 -0.0, -0.3376 -0.0413 -0.0197, -0.3427 -0.0153 -0.0, -0.3427 -0.0153 -0.0197, -0.3427 0.0626 0.0, -0.3427 0.0626 -0.0197, -0.3376 0.0885 0.0, -0.3376 0.0885 -0.0197, -0.3274 0.1093 0.0, -0.3274 0.1093 -0.0197, -0.3071 0.1301 0.0, -0.3071 0.1301 -0.0197, -0.2867 0.1405 0.0, -0.2867 0.1405 -0.0197, -0.5054 0.1457 0.0, -0.4647 0.1457 0.0, -0.5054 0.1457 -0.0197, -0.4647 0.1457 -0.0197, -0.3834 -0.0984 0.0, -0.3834 -0.0984 -0.0197, -0.4139 -0.0984 0.0, -0.4139 -0.0984 -0.0197, -0.4342 -0.0361 0.0, -0.4342 -0.0361 -0.0197, -0.5359 -0.0361 0.0, -0.5359 -0.0361 -0.0197, -0.5563 -0.0984 0.0, -0.5563 -0.0984 -0.0197, -0.5868 -0.0984 0.0, -0.5868 -0.0984 -0.0197, -0.5868 -0.0984 -0.0197
            ]
        }
        coordIndex [
            0,1,2,-1,2,1,3,-1,1,4,3,-1,3,4,5,-1,4,6,5,-1,5,6,7,-1,6,8,7,-1,7,8,9,-1,8,10,9,-1,9,10,11,-1,10,0,11,-1,11,0,2,-1,12,13,14,-1,14,13,15,-1,13,16,15,-1,15,16,17,-1,16,18,17,-1,17,18,19,-1,18,20,19,-1,19,20,21,-1,20,22,21,-1,21,22,23,-1,22,24,23,-1,23,24,25,-1,24,26,25,-1,25,26,27,-1,26,28,27,-1,27,28,29,-1,28,30,29,-1,29,30,31,-1,30,32,31,-1,31,32,33,-1,32,34,33,-1,33,34,35,-1,34,36,35,-1,35,36,37,-1,36,38,37,-1,37,38,39,-1,38,40,39,-1,39,40,41,-1,40,42,41,-1,41,42,43,-1,42,44,43,-1,43,44,45,-1,44,46,45,-1,45,46,47,-1,46,48,47,-1,47,48,49,-1,48,50,49,-1,49,50,51,-1,50,52,51,-1,51,52,53,-1,52,54,53,-1,53,54,55,-1,54,56,55,-1,55,56,57,-1,56,58,57,-1,57,58,59,-1,58,60,59,-1,59,60,61,-1,60,62,61,-1,61,62,63,-1,62,64,63,-1,63,64,65,-1,64,66,65,-1,65,66,67,-1,66,68,67,-1,67,68,69,-1,68,70,69,-1,69,70,71,-1,70,72,71,-1,71,72,73,-1,72,74,73,-1,73,74,75,-1,74,76,75,-1,75,76,77,-1,76,78,77,-1,77,78,79,-1,78,80,79,-1,79,80,81,-1,80,82,81,-1,81,82,83,-1,82,84,83,-1,83,84,85,-1,84,86,85,-1,85,86,87,-1,86,88,87,-1,87,88,89,-1,88,90,89,-1,89,90,91,-1,90,12,91,-1,91,12,14,-1,92,93,94,-1,94,93,95,-1,93,96,95,-1,95,96,97,-1,96,98,97,-1,97,98,99,-1,98,100,99,-1,99,100,101,-1,100,102,101,-1,101,102,103,-1,102,104,103,-1,103,104,105,-1,104,106,105,-1,105,106,107,-1,106,108,107,-1,107,108,109,-1,108,110,109,-1,109,110,111,-1,110,112,111,-1,111,112,113,-1,112,114,113,-1,113,114,115,-1,114,92,115,-1,115,92,94,-1,116,117,118,-1,118,117,119,-1,117,120,119,-1,119,120,121,-1,120,122,121,-1,121,122,123,-1,122,124,123,-1,123,124,125,-1,124,126,125,-1,125,126,127,-1,126,128,127,-1,127,128,129,-1,128,130,129,-1,129,130,131,-1,130,132,131,-1,131,132,133,-1,132,134,133,-1,133,134,135,-1,134,136,135,-1,135,136,137,-1,136,138,137,-1,137,138,139,-1,138,140,139,-1,139,140,141,-1,140,142,141,-1,141,142,143,-1,142,116,143,-1,143,116,118,-1,144,145,146,-1,146,145,147,-1,145,148,147,-1,147,148,149,-1,148,150,149,-1,149,150,151,-1,150,152,151,-1,151,152,153,-1,152,154,153,-1,153,154,155,-1,154,156,155,-1,155,156,157,-1,156,158,157,-1,157,158,159,-1,158,144,159,-1,159,144,146,-1,
        ]
    }
}
Shape{
    appearance Appearance {
        material  Material 	{
            diffuseColor 0.8509803921568627 0.807843137254902 0.7372549019607844
            specularColor 0.4235294117647059 0.403921568627451 0.3686274509803922
            ambientIntensity 0.2
            transparency 0
            shininess 0.5
        }
    }
    geometry IndexedFaceSet {
        ccw TRUE
        solid FALSE
        coord DEF co Coordinate {
            point [
                -0.1189 -0.7087 0.0, -0.1189 -1.3189 0.0, -0.1772 -1.0433 0.0, -0.1772 -1.3189 0.0, -1.0039 -1.0433 0.0, -2.4213 -0.7087 0.0, -0.7677 -1.0433 0.0, -0.4134 -1.0433 0.0, -0.7677 -1.3189 0.0, -0.4134 -1.3189 0.0, -1.5945 -1.3189 0.0, -2.4213 -1.3189 0.0, -1.5945 -1.0433 0.0, -1.3583 -1.0433 0.0, -1.3583 -1.3189 0.0, -1.0039 -1.3189 0.0, 2.4213 -1.3189 0.0, 1.5945 -1.3189 0.0, 2.4213 -0.7087 0.0, 1.5945 -1.0433 0.0, 0.7677 -1.0433 0.0, 1.0039 -1.0433 0.0, 1.3583 -1.0433 0.0, 1.0039 -1.3189 0.0, 1.3583 -1.3189 0.0, 0.1772 -1.3189 0.0, 0.1772 -1.0433 0.0, 0.4134 -1.0433 0.0, 0.4134 -1.3189 0.0, 0.7677 -1.3189 0.0, -0.0986 -0.0673 0.0, -0.0986 -0.0984 0.0, 0.1557 0.0833 0.0, 0.2625 -0.0621 -0.0, 0.2421 -0.0673 -0.0, 0.176 -0.0621 0.0, 0.1608 -0.0517 0.0, 0.1964 -0.0673 0.0, 0.1557 -0.0361 0.0, 0.1608 0.0989 0.0, 0.293 0.0626 0.0, 0.176 0.1093 0.0, 0.2421 0.1145 -0.0, 0.2625 0.1093 -0.0, 0.2777 0.0989 0.0, 0.2777 -0.0517 0.0, 0.2879 -0.0361 0.0, 0.293 -0.0153 0.0, 0.1964 0.1145 0.0, 0.2879 0.0833 0.0, 0.0845 -0.0984 0.0, 0.1709 0.1405 0.0, 0.1506 0.1301 0.0, 0.0845 0.1457 0.0, 0.1302 0.1093 0.0, 0.1252 0.0833 -0.0, 0.054 0.1145 0.0, 0.054 0.047 0.0, -0.0986 0.1145 0.0, -0.0782 0.047 0.0, -0.0782 0.0158 0.0, 0.1252 -0.0361 0.0, 0.1302 -0.0621 0.0, 0.1506 -0.0828 -0.0, -0.1189 1.3189 0.0, 0.1969 1.3189 0.0, 0.1969 0.9252 0.0, 0.3642 -0.0984 0.0, 0.5472 -0.0984 0.0, 0.5472 0.1457 0.0, 0.5167 0.1457 0.0, 0.3937 1.3189 0.0, 0.7874 1.3189 0.0, 0.3937 0.9252 0.0, 0.7874 0.9252 0.0, 0.9843 0.9252 0.0, 1.5748 1.3189 0.0, 2.4213 1.3189 0.0, 1.5748 0.9252 0.0, 1.378 0.9252 0.0, 1.378 1.3189 0.0, 0.9843 1.3189 0.0, 0.3184 0.0885 0.0, 0.3082 0.1093 0.0, 0.2879 0.1301 -0.0, 0.2676 0.1405 0.0, 0.2421 0.1457 0.0, 0.1964 0.1457 0.0, 0.054 0.0158 0.0, 0.054 -0.0673 0.0, -0.0986 0.1457 0.0, 0.2879 -0.0828 -0.0, 0.3642 -0.0673 0.0, 0.2676 -0.0932 -0.0, 0.2421 -0.0984 -0.0, 0.1964 -0.0984 -0.0, 0.1709 -0.0932 0.0, 0.3082 -0.0621 0.0, 0.3184 -0.0413 -0.0, 0.5167 -0.0673 0.0, 0.3235 -0.0153 0.0, 0.3235 0.0626 0.0, -0.5868 -0.0984 0.0, -0.5563 -0.0984 0.0, -0.3834 -0.0984 0.0, -0.4139 -0.0984 0.0, -0.4342 -0.0361 0.0, -0.5359 -0.0361 0.0, -2.4213 1.3189 0.0, -1.5748 1.3189 0.0, -1.5748 0.9252 0.0, -1.378 0.9252 0.0, -0.3376 -0.0413 -0.0, -0.3274 -0.0621 0.0, -0.3071 -0.0828 0.0, -0.2867 -0.0932 0.0, -0.2613 -0.0984 0.0, -1.378 1.3189 0.0, -0.9843 1.3189 0.0, -0.9843 0.9252 0.0, -0.1393 -0.0984 0.0, -0.1393 0.1457 0.0, -0.1969 0.9252 0.0, -0.1969 1.3189 0.0, -0.7874 1.3189 0.0, -0.3937 1.3189 0.0, -0.7874 0.9252 0.0, -0.3937 0.9252 0.0, -0.4647 0.1457 0.0, -0.5054 0.1457 0.0, -0.2613 0.1457 0.0, -0.2867 0.1405 0.0, -0.3071 0.1301 0.0, -0.3274 0.1093 0.0, -0.3376 0.0885 0.0, -0.3427 0.0626 0.0, -0.3427 -0.0153 -0.0, -0.3427 -0.0153 -0.0
            ]
        }
        coordIndex [
            0,1,2,-1,2,1,3,-1,4,5,6,-1,6,5,7,-1,6,7,8,-1,8,7,9,-1,10,11,12,-1,12,11,5,-1,12,5,13,-1,13,5,4,-1,13,4,14,-1,14,4,15,-1,16,17,18,-1,18,17,19,-1,20,0,21,-1,21,0,22,-1,21,22,23,-1,23,22,24,-1,25,1,26,-1,26,1,0,-1,26,0,27,-1,27,0,20,-1,27,20,28,-1,28,20,29,-1,30,31,0,-1,32,33,34,-1,35,36,37,-1,37,36,38,-1,32,39,40,-1,40,39,41,-1,42,43,44,-1,45,33,46,-1,46,33,32,-1,46,32,47,-1,47,32,40,-1,41,48,40,-1,40,48,42,-1,40,42,49,-1,49,42,44,-1,19,22,18,-1,18,22,0,-1,18,0,50,-1,50,0,31,-1,51,52,53,-1,52,54,53,-1,53,54,55,-1,53,55,50,-1,56,57,58,-1,58,57,59,-1,58,59,60,-1,34,37,32,-1,32,37,38,-1,32,38,55,-1,55,38,61,-1,55,61,50,-1,50,61,62,-1,50,62,63,-1,64,65,66,-1,67,68,18,-1,18,68,69,-1,64,66,70,-1,71,72,73,-1,73,72,74,-1,70,66,69,-1,69,66,73,-1,69,73,18,-1,18,73,74,-1,18,74,75,-1,76,77,78,-1,78,77,18,-1,78,18,79,-1,79,18,75,-1,79,75,80,-1,80,75,81,-1,82,83,70,-1,70,83,84,-1,70,84,64,-1,84,85,64,-1,64,85,86,-1,64,86,87,-1,88,89,60,-1,60,89,30,-1,60,30,58,-1,58,30,0,-1,58,0,90,-1,90,0,64,-1,90,64,53,-1,53,64,87,-1,53,87,51,-1,91,92,93,-1,93,92,67,-1,93,67,94,-1,94,67,18,-1,94,18,95,-1,95,18,50,-1,95,50,96,-1,96,50,63,-1,91,97,92,-1,92,97,98,-1,92,98,99,-1,99,98,100,-1,99,100,70,-1,70,100,101,-1,70,101,82,-1,102,103,0,-1,104,0,105,-1,105,0,103,-1,105,103,106,-1,106,103,107,-1,108,109,5,-1,5,109,110,-1,5,110,111,-1,112,113,104,-1,104,113,114,-1,104,114,0,-1,0,114,115,-1,0,115,116,-1,117,118,111,-1,111,118,119,-1,116,120,0,-1,0,120,121,-1,0,121,64,-1,64,121,122,-1,64,122,123,-1,124,125,126,-1,126,125,127,-1,126,128,119,-1,119,128,129,-1,119,129,111,-1,111,129,102,-1,111,102,5,-1,5,102,0,-1,5,0,7,-1,7,0,2,-1,130,126,121,-1,121,126,127,-1,121,127,122,-1,130,131,126,-1,126,131,132,-1,126,132,128,-1,128,132,133,-1,133,134,128,-1,128,134,135,-1,128,135,104,-1,104,135,136,-1,104,136,112,-1,
        ]
    }
}